Layer 1,#65A945,"92.13144267998427,-30.8526689622896,8.449897656302287;-5.081524312065056,31.962435313194362,2.8704603669223605;45.25613687137485,13.322303647147066,14.31931147755554;48.758478492845114,60.51725046975113,-6.421721225790749;-34.01834905221442,-72.12266226894658,10.602235439730531;29.147836892575697,30.98005052193895,-6.524797611655313;-71.44408736538924,6.7565138285223725,3.4494198751197995;41.75018101674732,88.50895748839014,-4.0502804717447365;-86.28169275470592,81.64410824229557,12.312711106112541;53.165222026696625,-61.639147192163115,5.046459142867139;-7.8742092115546996,49.949943871553614,11.49615621232146;-92.39498848818619,35.290602841630204,-8.397057641926441;80.59227755756586,14.225463066954873,-4.725632573286406;-41.408743635977515,-44.64658868191161,-3.4147817286247433;-24.94347835488651,-38.490924643319055,8.37415679426092;-15.780390066705394,-95.14203681077848,13.832359292053301;53.45247805467176,-75.42002295479948,9.8683708892743;-27.35189694512019,75.29185834826336,15.852078981463958;21.386838207761755,-0.08347024542950976,16.11116514849625;58.057641189388846,45.90536758591344,-7.91358165348027;66.67340631811012,-65.44198924926494,1.0354294801784274;-95.51036270931314,-60.61099506116564,12.637000241924085;69.22505671383169,88.16805721698319,1.8387269420310162;20.092642030414112,29.919260474390256,0.8597413148501314;33.49574772265001,69.49614697815565,15.460876438842575;-27.76445222119753,26.582802783197835,6.372914868923459;-74.18598841146203,-24.417224552160405,11.777268495871759;-56.97079545361164,-91.38326701273537,-9.372496442865666;41.504044267759696,0.1071278780850804,-5.166341777566706;16.727066699083565,-14.745181812649719,-7.198773457540643;-63.68351860012326,62.312125301083114,8.594431289305625;-61.946774445028105,80.51775858139624,13.912646417878868;-9.342401209371701,30.678328037100528,4.917481492461041;28.43443480172678,38.93142539953834,15.678258698637269;-87.98964020799772,-36.30657241701483,15.678264603466047;-46.03006965266572,-23.33266273537464,1.8782259194209772;30.604236550323492,53.66075119898798,7.52937378476172;-73.71905154414712,-13.007031710391615,-2.4776094972191958;-44.27593715373475,-56.06651220318043,-2.072377594912056;61.726692483517326,87.06373943823067,1.9201214855417028;84.47032561690821,95.13910482382653,8.416414984192489;66.68664015186533,-48.43188478768837,8.274373747611097;50.68141912993286,92.62610475972966,16.955293904231915;9.30424052908728,8.706516332275825,6.585800386554723;99.93003554448865,-24.089372897118835,16.01394287860976"
Layer 2,#BD5266,"-99.78964226770199,-68.58469668711845,10.92807112097768;-46.6166346121445,-87.34402898260782,15.473951007108202;27.601381975642212,92.38213669512572,-0.04617549724082082;-58.056662498188004,-72.4441777903733,2.657423224683173;44.41904919401156,-88.55928096253942,-3.6334357691292016;38.142711571882955,-32.89674309077684,17.493336271183296;-55.126060266684036,-47.2450216486885,11.646447306689282;-41.26537440858076,-93.86005475721153,9.30711950921895;33.19245293232055,10.555813397994555,14.110257345642271;61.14525909394598,-1.7407332752040645,10.733731322107733;-11.839381128893734,6.586645123162683,2.3023885733595097;61.39480049666517,-86.64157167032438,19.659489117657007;62.93079657922016,-80.32304687825666,-5.337940294007496;-4.59754813366564,-56.81836600579445,0.7855320618729671;63.12037756976832,-29.072221341232066,-9.950285257082088;62.59849344375726,-76.33673457838611,-8.288702405527111;55.24692647795425,-39.70024438804279,19.859309656560256;-66.87345793412192,56.5495354525782,3.5463693825777156;-88.16479428668508,52.63453599263116,18.292110890230646;73.59117645631548,-0.7429937163670104,12.179296522488265;9.182297960355783,-29.869608607270123,14.299332048579572;42.54266703189876,-82.56154100381389,16.59619486014098;-1.1567076375683598,-67.9645852195366,-3.8070129068616536;-16.743833753206005,-58.39137296721425,18.401175248454813;54.19179071392199,-44.64143975674494,10.817786498617437;10.135260805832829,-32.01168433330686,5.158124750622411;41.5715765574906,-47.81468273263776,12.672670248726252;78.34344601035315,-79.48948328600912,-2.5826909989951394;-41.462778876002545,-20.176882464955497,14.64522051335539;-8.017653241086066,16.598375025696285,12.367803950201392;-91.65270193255179,-55.24333100019708,-9.56149839762805;-41.910272847295786,-47.70207169830657,6.1360192297109215;-79.71758167469422,-24.786374587257782,11.573401270554232;31.068749879732536,-81.96816347385165,1.7459625423224878;-79.23907136579022,52.47452715485315,14.930613996488908;86.79364615214965,54.61974998594346,8.181018457156132;57.19590251008927,-26.782854957684222,-4.050907202840717;61.44426537234256,31.420459602219694,12.756885010842563;-25.406295488660575,-46.7867097135873,9.609560724582849;62.76038602870017,71.19752993883401,3.5147203267999814;-16.421228272025672,-2.7722086872039284,13.349417029560485;51.344590697738596,-80.22801552411835,-6.549318352431236;56.58238335320053,-2.6209101955968492,9.477074298983851;-66.31940006340935,-82.22098409007859,16.907854202622275;88.25437551270659,-47.11030758747795,-6.40280521017382;95.23431758943974,60.2465046093383,5.850827083199253;63.559504708501436,47.80885800689623,5.8110200555597675;93.12814592301461,-84.54850252664592,-8.786860442889665;60.97885515895024,-60.59431248435402,3.221355530385532"
Layer 3,#74B432,"-99.2174440264169,-90.44103280639759,-8.321727984354803;-52.57811542304383,-51.91722486286844,16.77764048307974;-97.14484268570938,-69.57827482904526,-0.6330999260827657;34.67221847368876,9.335336973994515,7.962350093096372;-63.0037986591239,-77.83531241214935,17.93327339721207;-92.42657071213513,-1.5492984140232693,10.022117272463166;78.95290457544425,-28.577861337105162,13.772189185197213;-41.439666514917064,-5.3489951063357495,5.7678704138775;45.61937348781814,18.277992301142547,9.621303346910405;-0.2708284972364652,55.45163576660474,8.334804557463855;-47.35006712161843,-40.14553376729005,-0.09445809008719941;70.01274576749935,92.36933249643783,-7.999002061925577;-71.38601975516225,78.36985394976787,2.680379005729332;-40.71189340065538,-88.37897945885169,-0.408284439995505;25.882858402306383,-65.11738398933502,-3.736345607664842;99.8667941713448,-13.480186281791731,4.423904228156099;62.35508326982867,-3.090848886763254,1.6031878788328484;41.77483857514849,90.85470697337206,6.5029744358632975;87.1581220944318,-17.216659528444183,1.5070126733450877;-39.76234250323876,49.67179509118057,3.457355890453215;-44.860284663878446,86.58542433552518,3.316870659993503;26.09461674201333,40.04723271499165,2.6793649581025907;83.89858442415635,5.299716159498658,13.940943608529434;7.261660147200587,83.14652747685582,-7.845781971056624;-7.720491833354984,24.781920260152944,0.522226367867626;-29.369179681688422,9.169915569837997,-2.9631498033034624"
Layer 4,#AC8056,"-79.60670428825355,96.28531777750587,3.171836579773954;-48.56308903070981,94.71411420425878,18.25355850140405;89.47648982261578,94.90472244025057,-8.098007430244415;9.362860399029302,-35.832368052623735,-9.957608084196254;-8.416282106628017,-85.7396025381663,-7.494807098350469;-83.31227681428172,-2.5017452789839183,-4.245550891273352;75.51183595132738,76.61081261666251,13.117411395431784;38.540244881614996,90.15451726434702,-7.533774536225394;24.584446544811286,45.58338986076373,-1.1404747290863426;-2.848741292360671,32.402564148532946,12.497936569819124;35.52065012742588,64.1000203462188,-2.985707206445263;28.110659342250102,69.0375203849897,5.698785894173831;28.194800250687138,64.12111915241513,-0.8843105090013808;-52.76876244295606,-99.53130905271136,-6.526708311959867;-44.385812139730284,-68.04306521528586,-1.737951431087204;90.63093844158266,-58.18783198776328,8.87866456848803;-89.33694820227721,-46.46291207229359,18.211249614628173;78.2500111200402,-72.4177016286342,10.416940345108973;56.23154381942808,-96.2466013278783,12.639210033949794;-78.11611846233552,81.82835791826435,12.57908918283644;93.40700076800152,-77.01753032160954,-5.028829359858803;-89.35335824106744,-57.10396849353744,5.657700143529004;67.90696070499257,0.2941661782907232,7.688469653827131;76.84599845357869,37.57209020748985,17.655934192061;-81.38082578983953,13.32946652656382,-9.32246018355527;49.976447316992164,34.89248774231342,10.288584505814057;46.84254814063013,36.26509748340857,9.059778046945315;82.82430105208812,22.28322576677722,16.44186402135737;-49.955499669543165,21.624724110680035,-4.030599427535904;-70.20256876442423,81.79647458977763,17.603812772593347;-14.440984319776646,-3.7323579520202372,3.9717884174101545;24.858946733229843,87.26049084510285,-6.236534383310049;-32.64592321698244,96.57900940675634,-6.418120916004323;40.53450425746817,-28.835312204219463,0.9271664029590632;-58.10377163599768,97.212371696844,-3.5872622353780113;-18.79880735823221,-36.55507400421352,10.122446381952301;-70.26263420486995,1.4094084894952346,-2.914337951185849;-96.66115467146432,-60.83667134646035,-9.946655853516061;70.68331964759437,-98.74414794554211,10.797841848831347;56.57360374332839,-98.54614513840913,10.066013564558435;36.549500751436426,-9.631600546070658,11.124173516626804;53.512764869959994,98.16405461779883,6.362634536112768;-67.7473163795942,67.95141196661089,14.925821436045016;-19.2659242879009,0.9954453162281851,17.687811923329296"
Layer 5,#F5EBD7,"73.39193437263245,-48.15284733235886,-3.2922313074613623;80.64465050746952,-29.690676807568934,9.545371782694353;-91.89268673933739,80.45064143887794,-4.162434833008649;36.737910463683164,71.22662581073044,-2.3717028107838027;-27.33113240215397,28.51127668830381,3.031194010222327;-85.2926382826218,-37.493580454912916,-5.141422724832513;-69.50243335940479,-83.17496549537285,-9.321707973505921;-96.93456036443457,-53.021486089963055,3.5026894437808274;64.53502192969927,62.7940813777972,6.06950173276239;-67.63236289131126,66.77360271096089,18.365101353584194;-12.078667839197323,-77.28632451092534,18.084467363746942;-88.11685869640971,-68.8702271850678,-6.847224271969709;35.670273358007876,-5.196168320944196,-1.1297299572606931;62.65719029827267,17.458855857152173,10.087474082820705;-83.35542903220498,-98.28126435444982,-6.846370321491525;16.14796235174539,-52.34695103894212,2.46314952438774;-53.43600362347666,-53.180527441505575,5.073046090484025;-44.422532471022954,-71.4212340764173,-2.2042112737408797;-59.02872688340749,-10.941608634539676,5.119233018344191;-44.66186922912801,43.363473262315324,1.746276139920532;-82.31164592283972,42.18984880333676,1.4475939254611472;44.673664591234086,-99.61422371789084,6.715652593248702;80.94464049784818,-7.146641843703719,17.54242571914364;-4.163514489898347,35.38071962303766,3.3011889447032665;-8.212522155189617,-31.526221259940826,6.126725560996558;-92.94875120275935,87.42197898307313,16.97883202937073;-88.08474688590334,68.50149560366813,-2.5418438898437588;86.44185303452039,63.76738124915633,12.627081133649689;-79.45549433547545,65.91730089911076,-4.189836931528699"
Layer 6,#FDEBB3,"-43.87551673374615,4.618556318104908,19.724097557482757;26.038616183586726,66.90954119630109,13.9986626417993;-77.01482818977156,-77.99766095404945,18.570111983366704;-17.81980236875434,-7.066881356302375,9.405267313185647;17.166979358946435,-48.71241089851311,7.43614437998399;-12.782319846246423,-77.4241495701649,-9.067119229652153;-73.30584531603591,-67.56169476259925,7.629013195342122;-29.858406177273338,-24.90173933280471,-4.557287345698021;-22.062366199822733,35.936396722584846,8.03524915184611;-74.38578165198238,-17.011901372200654,7.231445877780434;-55.88496039724434,85.38081198703372,13.094433577502489;-0.8756800298898355,65.62310093772945,-5.395694521096294;47.447495616905,-96.85715756507811,17.48881670916682;-78.80517737727891,-39.860274811207155,14.186057457040825;33.44537357193241,97.61497654285739,18.165237085367075;-30.884227392088917,-38.83768360974476,15.824186673084291;-21.316786725308106,44.70472018121052,18.53613013763172;69.17382627885758,71.9279745433922,2.6545572656081795;91.28550531961963,25.974441507836758,6.347732214476867;-67.57412582029491,70.09675726238697,1.521734709005015;33.44178851910871,-62.21471791631438,7.461150622236584;87.11787331134065,74.81036644740016,16.319848340603;96.74022207990737,-25.338533446057525,9.04393459108211;98.11649520206578,-7.553905089214766,2.2504115889054237;-51.069636926803184,67.10147866603634,6.6317568982953645;33.80208942510279,-59.49923766913415,19.104876389794413;-24.4457298173631,90.19501041172805,18.751103551117467;-52.40999900233331,-88.38945791436284,8.761921869691175;-43.82203212761196,-79.39348562683719,10.605003775134772;63.10731799788459,81.25686622348553,2.629593121057919;11.807700768361542,-66.59286428320023,18.70579651637742;-94.19495590210238,-53.99909021299741,16.561648978560896;34.914836743213925,16.103788163444293,9.560798311300953;-31.445845752983928,-50.51921432084952,4.106914218589054;-75.51726436891734,-86.03332681267352,4.5799846045946655;-44.06817682668603,35.44600143677772,-7.213383380735958;87.34875359807833,-46.84335589790812,14.832687749391972"
Layer 7,#151B9B,"37.897433674663546,17.55499211609103,0.8503551580435218;70.11987730128985,17.307190310833803,15.593863952368924;70.25974690918582,-12.074839840340545,6.07413545662509;46.33936306457059,-63.34372384790256,-9.756411869671602;-54.29033713179268,-40.398394592555306,-4.009165925107146;56.01825941419878,-14.23535960201552,-5.131363873592293;43.316574262196326,73.01976827231215,12.764058931764978;49.720682676693514,38.811864744122886,4.53066643191794;-51.315634858436916,47.254082006110735,-5.433143543470899;-7.214360614996963,-38.2625386427524,2.9771885667764657;-69.21558191663108,18.052605830100433,4.205523718316957;77.85875506394603,-6.927056712706005,-1.8263562391296073;-14.822998455806612,6.7053404397531295,-3.951473629698966;-99.36926649397417,24.195727277864194,14.38509691300725;23.16554557510581,72.02410190234372,-0.3124227418644132;55.92964430230785,-33.99279498784831,-5.284013347612047;62.66273212696541,-37.49018768647961,11.182057018405555;40.358475081124055,10.807354929614135,14.27997316916531;-39.99745854549748,-85.0392943886082,-9.699994100439147;-87.2162353793907,-42.63106915099993,11.325975070609882;-45.706609188082524,8.1169447396708,0.3558578907256855;17.568351894222317,-9.677358458067005,11.512539829064469;19.092344025528604,-13.23067106120071,4.561793880806892;-85.93161362235486,-24.48300162067933,-7.625899945293234;93.45710774876733,39.27045228876503,12.300970629537797;-56.3138091231634,50.665188078297604,5.269022908976863;68.79565983727684,97.37523529631088,11.157662285328524;-21.646295620014627,-77.56454294470097,-2.6795733065204894;26.812238817448403,-30.164193939454606,-7.792220318759419;95.61482267798058,22.29025823435896,-1.7634128236925228;65.8297705803368,-42.27185779975649,-6.218058876870102;-5.240578610952767,-75.82654147592572,13.34048861815268;38.34805037305222,-20.109815999220103,-4.393682088654215;75.54732319536637,-0.054835199746221974,10.10012811772236;-65.29810459953075,93.89494460200436,-1.186999391458885;-40.85414521680571,82.66399491237584,13.283982024232731;31.23651909327583,-20.881576769473597,-9.47190872186564;20.472973931157398,40.30044409331862,5.2450601129246746;-15.5286536481386,24.496094310221963,5.149303341705968;79.21462609557403,-10.911224885851055,-5.97777945395772;-4.038147887875013,-56.95235086268274,-1.259624296144441;-14.34852612560016,-72.52971001302936,12.865291626131256;25.846014610449316,-72.16608986915202,11.249539715764584;6.543753301565388,-74.94828513986377,16.728196534473344"
Layer 8,#115837,"78.41189032112715,-75.41964801341909,10.848972415670268;23.591153845008947,-84.3319403743814,-0.6263133970469248;68.66573427622518,-93.82238119225725,-3.479541235081956;-75.62260977513863,86.92736871632951,4.334458844257087;-94.11369984096747,-66.16633444255945,-0.15921421584798168;54.05631818085891,-79.27056829467003,-3.446796156554191;-11.152637788111065,6.4560314042589795,8.251232656642863;-70.41185322538087,16.885163149908095,0.18467749211822593;42.54286827972237,60.56646408814771,-8.910376548113796;58.61004311615025,60.03770803132946,5.611402037168473;-86.68121346250163,1.2506843062379005,-6.990313078854013;53.860213941305716,-96.27640559727868,-3.267060857653191;57.22602220623125,0.1789196899420631,0.019910276830863438;48.15306928630923,-50.98896741428119,6.935895618039577;-92.86561994770572,-46.528383733436335,-9.321786691059064;93.63187401555143,-46.42988800286954,7.282612303430145;-27.717243803204795,24.549107574204484,-2.844810522960409;72.89220364669205,-83.15586777267332,-3.730651767175533;0.7863977978036587,-7.686637943597518,7.970228189419462;-1.1640925648492555,-46.90490832256369,19.407324292105095;-2.7839169207371555,65.41504702625903,7.516033020913536;-53.5381100041249,74.98531614673416,14.41635502105375;85.56571321421558,-16.00316333600064,12.01635186787004;81.34431378368731,-55.98709447076503,-5.309427092662319;20.852189689832286,-99.57861947494754,5.549260735228977;-2.757861635778596,-61.547806591930765,6.479083326712217"
Layer 9,#295D80,"-76.72322643240194,-57.961356929590956,18.42446608689422;98.67008217004877,-9.72643669390122,7.311207022198779;-70.41609405099764,-17.106990406010183,13.186394817422585;-70.95836427264558,13.892400699007894,15.784644882619741;-83.77426408666201,-67.01922214582947,-9.522181513699943;-78.92977074184823,-59.30118522218913,-4.582398374996753;56.76425416285872,-43.386768171462435,-0.5602515100085981;66.1309464021576,-33.064443935075246,5.439539530720955;-83.08640636935638,-14.763597381140428,1.0323271481360745;68.9022865539444,23.47575944973633,12.629783712591543;-48.50540860145858,-38.7573576495986,6.790304851901876;-22.613046046980912,-30.576752270383764,-1.466275283228951;63.37993812279038,-24.311957803404056,-5.618625318589258;93.70956772859014,-65.98563479091725,7.548158452248533;-32.41018320251061,-71.24761049665341,-1.22882226992518;-63.86334897772866,-27.74246944419663,9.494528807054028;9.966250199772674,42.11311305945813,-5.441929945949927;3.6893304787721206,-52.203570550194364,10.928895672233587;16.605961134632068,39.17411162058477,12.951800567530178;-48.1528430407727,90.98325665233651,17.53754644959573;69.06806029085507,28.345965890170845,-9.832077182407904"
Layer 10,#8E5944,"-27.8172036224303,22.138890823350266,15.807426355335885;-69.12087276258848,-4.672288354710886,2.261288196314558;2.027912373113935,21.49302533743213,-0.6198518030593263;98.77336610890634,88.37867008308052,1.8469578862611602;43.087191028737635,-34.1567793136971,4.700807742843848;77.68433541063987,61.41438097696033,2.684788730152494;69.67150666042477,-22.025491625253423,-1.7538636471429143;-46.02113203254817,25.12310108367761,1.860753120366292;-58.23099489819609,78.70408391806666,-7.122851535830145;-56.797688658720915,-27.013724646197602,3.4365753808146753;45.54277205776586,67.33602373555038,10.506506629614865;36.20887753652582,44.07806400912747,3.8515794499450156;-95.14267744060842,-10.839190073678722,-9.983657364377747;14.774594567873791,-17.614983612075605,1.8631438988894526;77.74864552206338,-77.63217774936439,-2.619889645594558;-55.1939334135651,-99.0620108206357,-6.571138187133959;-83.95083165999937,-75.35643838693046,5.458625723586525;-17.442424844622977,27.959076531647966,5.345641413409984;-98.11390877076822,-10.601964664309563,11.433463556661291;-32.18856963098398,12.72991337662431,15.493894751656196;90.96110024334482,8.16282517743349,0.1299903583078077;-47.824001062473606,-92.42738227249627,-9.687864844419426;-66.57237340449268,83.67354449885372,-4.7887824989700265;-28.329331428407542,50.963952948164774,18.596240522199793;-2.8302478199131116,-48.7773715009716,6.055297054965472;58.773089321946685,-40.740238370884256,9.188417566906242;-75.7890849639986,58.719950346830046,-6.401564306882179;67.38573997835528,-92.52600976474511,-7.50485778145943;-90.71068192147602,71.37051535775527,12.967562524895257;89.86034266570752,15.7845461176436,-7.690310428750393;76.94854240657958,-34.58579747811157,-2.7865400882196543;70.01365873244296,42.58620834591656,-0.11488335573174346;-89.36954448919833,92.76121169598355,-2.327785074202751;-29.61984394322556,10.57241881640725,-1.97344339176799;3.3362148469536805,21.150355247067225,-7.082955741858942;-3.420637586318577,56.02612166378114,15.083991668066378;-77.37072638507887,-64.72548086390962,-3.8665767126422628;-53.97745012392091,-66.7403308812854,19.766790184224973;37.25727338690473,13.55553947204639,6.047176625174636;-43.59443224358042,-16.616024628157547,11.096664104135225;40.4912197304065,59.73345644993287,3.2114976754413647;-50.58193885035623,-91.63457076081221,-9.206247578256423;-21.770184393595997,15.572092263598933,6.600862700180567;43.144943895463854,75.96106257718947,-1.4159970779286262;-38.30194973184152,-64.15900001317041,15.776533955241941"
Layer 11,#2E285C,"-32.64567591216536,-96.67291945601492,3.5328322443765927;13.69405568517567,63.31517924249371,-2.607634727881255;-43.02429117314726,-24.222448301698236,15.883328321387499;46.403296102051684,-12.421424663344695,13.676249908591345;-13.17850404448275,18.087205682232494,-8.023115009496005;-62.344303624921906,-86.8223026548608,8.566610690084786;26.570697555401765,-59.80255275635703,1.6374928602960352;-74.49510107884038,96.88193504215744,8.646833773114999;-31.699344020689267,24.6261976953638,8.24933914563259;49.18107458037201,81.9768998655654,-7.78360627949693;79.34456605736685,50.706145798429475,17.969574682338834;84.57110444651994,89.20102348503167,-4.477786815417334;-2.461964372075016,22.896587678096296,-2.640003387167396;3.171042456125477,-46.10353875999141,13.166325275850621;-90.17027528755284,7.134343721377405,-6.405023645360378;55.46766186915505,57.43689465929367,5.4562345987951435;67.82619819915743,36.64429517569894,11.320961625797398;-69.91885551329025,49.43332747470467,-0.9841379292626229;-47.74040838702017,89.56179336517593,13.057162738373027;41.34221719479524,37.51851454440268,6.971172168478901;12.541234270289962,8.853245077015117,-9.380947550217991;-2.6843287908245372,-32.0014365747016,15.719361406266017;-45.56398002051359,12.096965984679315,13.561272188472742"
Layer 12,#E7CE53,"-39.10927528400692,-92.76604613391859,15.2286907082839;-31.317182161358957,95.9023415501542,16.22600329259466;42.414403149405985,-7.783147248157064,15.107581235806304;-96.1514358056752,80.72978341132898,13.849804366549098;-8.442449227775455,58.4987399995199,-4.582071917266165;-27.726210305188673,-34.48939998433114,-1.7891773055310676;27.845789976408398,42.123940466903406,-6.0712750123182175;-52.145162787371675,-18.745920894968663,19.80647372053879;89.33543845233302,-4.04880642337632,-4.0524561089359405;-70.2308100147368,99.10187169928793,-4.451077744546691;75.02206195032915,85.92465915015791,1.35979194311936;-86.04379675978961,31.712277450206955,17.622709549595847;23.170999604812252,37.63601238893307,12.240382065149479;42.1949754289368,3.979728453956966,-7.887350252854086;18.98824178144264,25.82582500521204,9.392695043940396;-27.974046624978158,-26.367604516436344,11.240415658073818;-33.59277744049834,92.85706250862839,3.431196888797329;19.65932314564371,71.91302246785875,-3.2543251516571345;52.46743301608606,51.80747721394545,16.932722155568975;-16.765924239491596,-37.93697631670872,16.018197133331764;-44.524498759650065,-39.282319092571456,11.99589273030923;24.71695453477686,97.86603337871017,14.642165785924657;-16.02364059191477,-46.77228214793166,-1.4765691240856622;18.89025513951526,37.48580565639239,11.645027989767044;9.898779355516822,5.153660185654843,-4.3509401069271;-68.47668598558315,-89.26736350623993,-1.9297159289667771;66.22528220054687,-31.974002241145996,9.92111255969877;-17.444826943470275,61.31818341533665,0.6803956295081601"
Layer 13,#9ADB25,"-16.683326037309214,81.19710899669457,14.09102982307402;-80.96826419250193,-31.43537532447087,-9.703687105588365;-44.45029920958088,-63.785009974654315,10.561781159179226;65.6000104880421,-73.36802023974491,6.730280352722051;-76.96502880390973,80.95099981587634,-8.790550760209092;-94.45429072540006,-19.725785309335436,13.187637284858887;-34.75421976139057,70.34421122763425,12.720387018002175;-34.18500455287041,-30.29069257487069,3.246664528875657;-21.425223566363428,-93.38997095499492,13.110112019523068;-38.364862422995245,-79.84465830830607,2.787319187943936;11.899514191328535,23.649798647214297,-5.492818977379156;-17.641165779018863,-88.06023414996807,19.492362613512153;27.16909660239648,-29.486166855794792,-6.842977092044695;-15.9125724059393,-27.77218047890078,-3.57990236235908;-31.926611419883628,33.72853806132596,-5.633244051608956;52.75915531891235,-92.88103354536514,6.10171396145342;-95.08069494907558,-77.46150201951768,-9.703996628976345;-6.377373843558644,36.70354313470091,16.920260967446172;59.75978324178172,-77.90798533485135,-9.446256513455651;70.10983086736897,-26.41635743049926,3.861999669340543;13.054842428908472,-94.62530807387175,12.283976264651635;-76.13298260016674,33.64375964171566,16.440340400502272;-33.36843944275974,-9.495354826835424,1.2827724706665187;87.77890026650965,-24.520744001645923,-7.60715177967759;-41.36156188225091,88.59217758625988,-4.536123720341826;23.77863186655314,-49.33824041582787,9.169906342792814;50.92597622107763,82.73856632581493,1.6399642944673296;18.223459465019758,91.76650324061981,7.651836917869787;-52.19877540706158,52.83861421218691,19.590796041769554"
Layer 14,#B2FB2E,"79.6303116776069,-79.61855722479106,12.252953654223504;-8.074486234609793,2.0051417125288395,8.496130780659747;-29.534890368099227,-94.82530629796551,4.967308778844501;-79.37907858112973,79.40330666276748,12.915120286026152;92.69512703889401,15.069421334285408,3.60719976859788;-11.896745213716486,-14.211995634072565,-9.514409386058087;-45.927360958441795,-82.89922516240331,9.41137325224775;99.14191631340083,96.0386173731886,7.495070297172038;54.98120533786195,-94.25620660247587,-8.682910465815498;67.73707472850711,93.8177543230531,-4.767341344287192;26.730167683678815,-41.977158110911255,15.725937123076164;-42.54473927417977,50.449104821053936,7.756323992855265;64.43188876139371,-95.93264499731893,13.178963682304818;-87.5722011942754,86.34762936067958,-0.5895895826035797;20.8932393007251,-70.67786547346313,9.191140509014872;53.98773361172266,18.749753828011023,11.935396042109467;-79.52613917692187,-42.975519020716106,-6.793740026613254;-33.05819468649929,73.4577036541236,6.675166590139163;-65.22769779879312,-97.38684206402799,-2.3967655953875022;81.13004833788571,34.59037089083833,11.12686489326369;-97.99584545883224,-52.73088121998851,-0.861346013400297;16.72502683230597,-55.95702811441886,-8.765665882794693;92.10994121811092,-14.256132368822009,-8.762570403407597;-59.27620547388449,68.74622060973863,13.6324649563519;73.82822137107112,-84.691660577493,4.971101698736831;-30.00470594938116,36.286303758624825,-1.4956585986659459;-68.46419357422886,47.17699735590713,4.964412370390555;88.8092869124047,97.24326969020507,-0.2522948225390138;-65.22981720676871,-53.75305345361968,13.439601592450344;-55.6015109872907,-74.460786071399,15.158195469418683;71.7557077770393,-61.351009025328494,-2.3167926505676544;66.8825850541929,-86.33203289404032,12.674497849531548;34.87766834360238,64.69422865977927,-3.9588476379866515;-7.814120807466082,-57.455813140565304,17.79559764708342;3.5200903573066142,61.181140560522664,-9.015297726054811;-10.054844814623038,-38.812212990578914,15.945135018531762;-63.07044371222847,-73.96397328589644,9.789216471452214;6.138896421884368,-56.389820112756695,-6.514472124147987;-58.48001268460202,-75.93544392926015,3.5889656971426316;-11.672343906125548,76.4520876962969,4.226448617592403;-42.680691591689374,-47.38940150396592,14.206866526201871;-77.26371813220248,-24.484376009309884,15.026004855945601;51.476510871429895,-13.157246311776817,16.692098168427325;91.9953335468827,2.6203690510582476,3.763040256399387;-10.366298866656876,49.84877795171113,9.997938324003897;-5.833748128324217,-92.83872488409916,3.195729818191083;78.06087589503332,-83.72225774184082,-4.96037475971626"
Layer 15,#E2A079,"15.737230719689094,76.34911799853441,-4.286528424442705;39.667454579143765,-66.2637488262713,0.09455155877867938;-7.8717052616049585,41.74120402006935,4.8714722609782015;-54.49847584761963,24.824190398066946,-3.669605770905327;25.253792770786617,-85.54886177739047,16.842547511380715;-91.36249231359916,-61.839470977237795,16.61507398911343;55.32287331432491,1.78232923367284,3.847889033810839;-63.58676068568675,18.595642900506377,-1.1601467256529663;-74.03422896061919,-40.2978859858963,18.90493391836141;42.425516947105194,-77.72985329134254,-8.586229890280707;60.50524677375705,-13.549377700600758,17.921141639240066;43.19066814978734,45.55214203073601,14.608243597013974;-68.6482563297063,-81.626338026491,-0.31881491447841626;79.66350081236234,-69.58697216033335,2.6431783057333345;62.617956831045205,0.7964181225401035,19.24361823061063;-21.058508795317607,20.898149575751276,8.633877826255937;-77.78704448177604,24.063519485118462,-7.041771375601472;-7.547461929555041,-72.07800230949445,0.2542972025769483;-85.75654592725348,64.11767456764048,19.385841047197648;73.23968635405475,25.028219579234133,11.490794271708548;-87.32224245726837,-96.45800722071382,17.475616101383903;19.17959014059879,85.25843401781086,1.2533705615629778;-28.01706015980335,-48.56773089628799,18.482930528026287;0.34454437745935707,-57.86905217966897,-8.997602373443256;21.25826967738233,-58.127057876069124,11.905505457119318;-57.83625471577708,97.97240093043405,0.5503237461908288;15.346810032926712,-45.101896723655905,0.5552630701383254;76.42586695550341,74.30276762916785,14.249479378691248;54.96160659412536,79.94909313957987,5.744683368505484;-47.03798886774425,-74.38130292949072,19.97889379606191;-47.348696606672945,64.64501171036238,-4.299330040953933;-87.16745439170231,-97.51203133561255,2.300368993706318;-2.6440888100550666,44.70702397890162,4.402522863852591;59.888971824169175,-8.293507998506271,1.9328084455568142"
Layer 16,#512AAD,"-13.177338178161264,-18.962813655148707,-5.141391778031238;-92.93002644306343,64.80392046016138,-5.237799399768005;15.06042928351657,35.96827166677778,11.64401232344343;-74.48701218993511,59.40173563163444,-9.952998852658096;-57.00504452758243,-16.641774725872224,-5.499839972832797;-36.96716362112096,65.87055779052196,-4.648123591775449;2.2765933716735987,-48.11444624772337,-8.134117434109974;70.1589386741004,7.874492631964742,16.199473829746843;36.31131829680794,-11.188915257653704,8.847464405757538;21.353673698887064,11.617645831342912,-9.727987017855057;-42.7435565260957,-98.65453591756723,17.16698025727872;76.15754313152428,95.83569717811838,-8.698080895307635;79.70708622989977,-7.203026353376018,-6.170610444429819;-34.442038408025354,-90.59085962985458,-0.01834037516337972;44.98146161906814,69.79686003908193,3.384793523397798;-79.94118330733966,8.973022949742301,18.264439040124476;-64.25177555393046,41.668969416531354,-5.273961872623084;-57.28519619899654,-66.21877102205413,9.200161656599022;-96.91396451260626,-74.73865537656218,19.045678705082075;-17.792943228979325,-41.432106752363865,7.913673422379684;89.06414827233729,-3.0368131130770593,6.613410864144527;-70.7321211788296,6.866734499561289,4.907658138817991;-43.036318202909676,-17.67415475932566,5.282563144366771;68.88586274168236,57.94469817999351,-9.07975643025716;51.81303156887952,-16.61767719072793,5.156555926914775"
Layer 17,#DD770D,"-48.73081363602164,-54.20153974797043,-2.0675231150946605;-56.22778611842912,38.930547493667234,1.5084055212080543;-53.095253196743364,-49.679171727325354,7.577676322565033;41.73963133080417,-0.9227116840107215,8.083027012925587;-16.983614222793904,26.85687459015797,3.7439392545366417;-72.07952448975114,96.14750336075565,9.42487713617248;71.76951345198472,8.657814778170476,15.674575853348596;-1.5056625920886404,91.40193797181797,11.093552761485611;28.61468377721698,8.856973521488982,12.020798342877683;82.70015517287575,71.92356953660354,1.6865958686783333;42.362414094079696,-51.58960599196834,1.7905920056486124;-61.361462075402905,-35.881182879390195,-6.177308357102753;64.08446685816241,-77.67494862908059,15.247823565699075;-62.68970439381246,-22.33875960476135,1.8523356019411672;53.44902571885609,-34.38221881549464,11.086870380321471;25.923873335754294,46.67437946755018,1.0644332503239404;48.6264339683168,64.69827130716808,0.7579357162717297;-44.17273987972815,38.991367637471484,-2.2741604538789595;-22.54509567568668,-1.9090470648072966,0.2559656370920802;-44.17323201723951,96.7641043266141,16.326086463484643;52.37945668578297,95.48721424422675,15.887073554860336;-47.03726548742518,92.93782760806053,1.8800911642516542;-37.891224664025486,7.210658222918497,2.5060752240890096"
Layer 18,#7A0EFE,"-25.802892868016855,22.14752465625972,-8.28485254983671;-55.055459423707006,-61.963086317445125,11.261706082844835;70.87885652544662,28.509597665062074,17.02133821596411;-16.33264169115425,-51.72828225324245,0.754330011490218;21.224153964175315,-99.07742057061428,14.327108731757694;8.870098192826816,-88.62500537014996,-1.479701131630458;-41.537901119964744,-93.94233426313501,3.1576510582012247;86.5564678064151,26.932113512041894,3.7164763077219227;45.65439974432056,76.41462184575497,4.7725305359318355;-78.38421072163996,96.83016277010694,-5.691634151633199;-38.567747973997804,-66.48582802628712,-9.100200435709741;-32.845777762239805,-46.06838551515365,9.983418459796997;-7.918877752301,84.71975344318597,15.666030107013313;54.5837521485939,64.39485062349658,12.385909901781034;31.219467519515916,-9.40674129994872,-7.822195540809265;58.97165105849135,-3.5255294028223574,17.746428683428444;10.552997818598826,83.51522101202119,-7.394181329567301;-80.20235432114555,-32.838458606015195,10.708498894126581;-86.80364850239938,63.44035476532795,17.983421293426925;-24.43020008814554,23.963986353684362,-7.842219689710534;-84.4008580466074,54.008348624108834,-3.4473675265942925;1.3127760665674657,80.3148338383163,18.668805250391106;-41.388464353810036,-22.52169837387082,11.609018199972578;46.83453125686165,-38.54796474035112,-0.16227225047095573;-60.27229572644978,0.3372161026527607,6.332565641778885;-43.80509095734222,25.003448655784496,5.865238293555596;-23.80077856762351,-83.75827187202538,-8.36895648378897;-99.34068411524804,-90.61973097877743,16.425473084392614;56.011364295961926,-76.24637738412771,0.8849544529573183;-19.666378673280178,-9.233988012710512,6.723444414734921;92.03447423630098,97.65363806374233,11.321165817119372;54.24960600138036,89.4275562852331,14.04023345664444;-42.08550378553764,-91.14001373070764,-5.452029707926939;20.171987239722696,-90.78486264842067,13.232957644218715;70.99746833582029,-45.90051526748609,11.00679188375571;55.78213116124866,14.393726278154375,16.603289902585644;51.980624574527354,32.47623399644422,-8.942024654491492;-76.12575187825836,-64.09308714552759,16.340500165317327;92.41514048638246,56.468061365965866,-0.5431807216154922;-73.90795690564958,1.3496611219585475,10.661284962045361;38.5678933739639,62.26251960167204,10.137644050313867;-44.39053724344836,60.74088408649817,8.563735574200628;93.98791875733417,17.90736505785445,-6.356375676907703;-92.67081486370974,-70.64114463264052,0.4539106930037651"
Layer 19,#31B485,"-78.64332244816786,72.39500551717867,14.743799024371068;-66.70319713550533,-69.65776487321025,9.57327225052677;71.1809198517121,-48.447476758053064,-7.716070232085359;-49.43647642530247,95.63296240119513,18.793824505442473;-54.35398946691946,27.59839199994846,10.478643258085633;17.437164532677613,99.17449260335479,-2.723055360433391;3.680889528184693,42.43991814096839,14.272697006451232;-34.590278578343344,97.52476920924846,0.9946794696414081;-73.15361809914938,-46.62196841485844,16.207007983849973;63.69448236734502,-39.03335149458707,6.516245375937817;-40.69810920038875,31.558438005980577,14.256433776705748;33.599765065150535,53.08370130579823,-3.1696202384420245;39.656268959930685,-90.56072117560454,14.485872211963855;-11.863480178402042,41.034673682795614,-7.487568307775982;85.39669326679262,-70.50515626204738,10.915053537995071;-92.4762524279663,-93.1696534738418,-8.296313114805717;46.10724114552994,17.780848794986724,17.483663631828346;66.30852709419318,72.13629141305958,15.901169075174433;95.6367094168435,-82.00989060912964,17.14573193506438;27.488069045153765,-29.063091534736458,2.812143631966725;95.24847003067205,11.277736435222721,0.32025272282952777;-46.15078784549803,-97.62610016781412,-8.060549932615386;84.85577098362063,26.20567662466823,-0.6920526068972084;-78.73688575999633,-63.43135219676465,14.662910673297127"
Layer 20,#E3D49A,"-32.074533423088994,27.268487795422473,-3.5008819575730747;-98.64390793393447,-58.47518398648223,1.7948938421269443;-33.8792915251115,-42.22271437964905,-0.009470184961969608;-16.547607192164435,37.09731924098705,7.510426782281989;30.070430722305503,-77.73744630342455,-4.659591452550837;-73.88308413112425,-10.739670709886994,1.9860210549354562;32.03210960502986,-4.13035595440212,15.68824505898197;37.78293503874136,21.533311661933027,11.083787650473607;-91.10398243784753,29.54050273639237,1.930592937322702;-11.545457579701448,-60.33256779540158,4.055742462142854;20.47753974820806,-76.69298012026496,2.729239278637996;-89.23790045278017,-89.32158675405506,1.6348699556399264;-66.72381358888461,65.38684036387392,-3.1932597985589544;12.150151480318598,-39.03422038470119,5.764835062072157;39.389654773149914,71.76400890176825,18.26163739031085;18.530890427439488,-44.002692993125365,-0.5429694685941566;-83.70383331072131,-32.59237828012702,10.55807268501037;-52.602557074680455,20.014810379549516,7.652623064689447;41.21800366402226,26.734959844187983,13.132288258835079;-77.12431254289561,-99.21198689323649,-7.485080428906498;83.1933262703399,-48.848127246968595,-3.2340605424641593;13.09029436477357,32.70005892786773,7.128315778563902;-15.533869471284078,-71.10728782033017,5.283981216068888;52.686525092198934,74.72643595307304,14.451711325737197;-79.31437773225193,-51.24922019966774,-3.4165997542310294;90.69622752471562,-13.057579965650461,1.7084454385531345;34.332801629833426,-22.88176119384906,8.768287259670739;75.68643903397194,91.07921570547381,-3.9485134913359037;-21.68632351756162,76.75418516155116,2.9046235672666434;29.602234981284823,-99.94358999076826,-6.72462748559553;12.821697921784676,46.87059731906328,7.658743201025974;96.28166106487132,-29.278885072203863,-7.901607708441313;-23.012873892844993,-38.829671234901156,-1.2196350627599983;65.85512931784618,-49.467709479616566,11.136106188302833;81.19008846494555,84.45124542052389,1.4608827974034924;33.6720516539919,21.967917605810953,-1.5057481961295132;82.66394970095487,13.2618844260885,-6.122908419734522;38.23854479360702,-54.1918307791147,-6.467983863944523;90.42819275205326,9.276657347964687,-3.796083731961107;-78.20973967472713,62.36819800539345,12.076529643304166;69.43768998203103,82.10179031933211,3.3536151304301445;26.899623326177917,-8.136083185508824,1.4440697732425392;55.659005143530834,23.68106578523944,16.29991582227556;-78.5812229455093,13.676071829379381,-6.84354531303219;8.068705694239256,59.22517547238604,12.300994273831336;27.426316496204564,25.695165596342164,17.879908259891412;39.06519372658428,55.204171694342506,1.8252769890818499;-86.71128069731782,-63.9782137548582,12.124030481292703;15.40302099332365,-95.37014857905311,-6.290002412551534"
Layer 21,#8B5A00,"-6.155326061724963,-32.74566154487049,5.91620225007976;-26.851577527606125,-93.98789479992197,3.5029872540269853;74.64199701864484,18.360027197564875,7.781598250265439;1.1895760073901869,91.52984540203272,4.918204846008216;-14.409748688325735,-47.662417007523615,11.052562765010457;-13.918455889253579,-78.98251883474359,5.538637656276405;76.05008198639271,36.706755905157934,10.40053350119064;47.005940269731894,57.18387043694585,12.036410327418466;94.01850801729748,-59.22890736825405,15.849525742381445;-53.131944086237304,-46.51185778719025,12.540658700115493;-16.182751204399025,-83.93438032796942,-6.211941918952093;9.131444520448568,84.19158633467868,1.0760142246058209;-94.88075345393034,27.88485700328586,-0.7554527420711299;2.0572878328692354,6.956148798269027,-6.672860663397783;42.10617071821915,-71.30495682446005,-1.0535118482233834;-60.38654099544848,-69.05602033709431,-3.7581530845000897;94.78180874203522,60.655580503506684,13.15165070749357;-65.84458844930663,44.808638062767244,6.579589399828201;-79.55722146133266,-16.789875521784765,8.761848442796044;94.15248129416148,89.25652115451888,14.077100968113108;-60.9547976867835,87.76790622139427,16.04827907825624;-32.10634182486979,-72.62823291154365,-0.2048270681913511;12.173556474459815,-23.568558475909256,-8.575410850601383;90.02100298927908,21.540141347229934,-6.5786323302223995;51.82451868988366,68.20402974878084,-1.876139347165486;-31.440193133322254,-97.17509077384854,-2.783170891484324;17.880979898256328,-96.51531876658628,7.572060414700289;65.79642509287024,78.9670457738192,18.322490015120565;40.22013200731166,-39.26275028312556,7.245766281206212;-6.352804238776571,98.47885591024033,-0.004161217752093549;26.936093806023194,-17.568979763032047,7.682969684077275;21.198042635166587,5.892318085846497,-6.770989534653099;46.38185314204199,-7.696606260639058,-6.237750247938449;52.28232082503786,-58.08957866139889,11.032198243561801"
Layer 22,#428C60,"-68.51003054143997,98.27223447294517,0.17484766796628115;15.298884179541432,63.29924761885587,-4.053319653503367;79.89342683348633,-22.16994335867561,19.000986170738376;-34.369329374658335,52.73192418344061,-9.939841061178662;-13.316034203917653,-31.587762817217097,18.76662112897757;42.243257321589454,-75.15927173706224,4.31618263706094;67.45374612879846,-8.859634525971956,-3.357512256440703;40.067785410813514,-63.62930765755469,15.90868936031583;-38.998532738368205,-50.62235395721822,13.452723278655263;68.79589153440713,-69.52218015099744,2.5052538412063665;-35.72147648549334,98.85447307828176,3.1575995159930894;-83.12921446408086,-27.638693817988027,6.413601152007363;-39.04013265662159,-91.79808710916744,-5.6439752576926026;9.102243217936476,-56.2534558598533,-8.994381424337526;92.01259999646686,31.66611942586809,7.6507744835361144;67.09377681617653,89.40764010201636,-6.228902317469563;71.71154217665526,28.165669098155746,13.966224305876818;-13.160052959176056,-61.93617944346704,-8.192574777863616;-3.13453590390732,53.75835764402109,6.784146445628572;72.3237477202417,-81.56333320544111,18.972160062566733;-16.969523183372075,55.791155056227865,-2.2583643722971063;-23.443281880586113,-10.071371159045057,2.3083311244003983;33.4884330901227,-56.10950420903572,19.601420323952016;-16.250717099478933,18.785200919864394,11.827209720694949;95.2659676718308,25.688767580514636,8.202859020818536;-57.64184556191528,-41.4076388633011,-6.923162306203489;-18.400320341800594,99.64770409106507,1.9899903307803424;59.607063029716215,-14.294776073643575,8.25406078084491;77.93271747708289,-16.764288396823417,13.61743886311831;58.23414179495026,-69.42317538469126,-9.188750255984262;-8.017324457967788,18.760209410149457,7.449605590487458;87.40583710523825,76.12900882975279,-7.422669151338329;20.196833710995406,55.50595134742582,12.895416258798154;-29.41617110412038,84.0037966013349,-8.746063949993752;-81.57353006414446,-90.04908848958219,-5.0472447386759764;12.439384127903168,-47.296026056113966,6.098278929964835;6.2996576619030265,-15.616911841260233,12.993487032343246;-42.11182545063766,-41.51311605465312,0.25961098876990363;-71.97290082823046,-41.910712146680076,0.4271568326737416;54.68212654906375,89.06662373710722,0.8950865275286706;-38.40391244980779,-56.309266879959665,-0.7520677307411656;-63.56455070239505,74.90204801510774,-5.789506640474084;-65.05322282851938,2.811387950529493,-6.839280289728861;99.29576219322098,85.77714714749868,9.40689512819863;56.70833371144809,-72.25772583194811,6.725860348980746"
Layer 23,#C325D3,"32.41984195903024,-79.55155691105821,-6.926855218234975;-21.49526711241576,81.92841204828093,14.691786540483594;-65.20750062285487,-90.24933738547642,-0.47110312180018;70.91586206856783,-9.178339176745638,-5.74188523115985;-24.627856577666023,-34.75169417797697,-2.454966131920888;13.493672769603862,54.33568371270695,-7.050371038239284;61.663661169606456,20.867350728626405,15.16106045038359;-2.9921622018066927,18.783704879494664,16.921077051828057;-15.235638151248423,70.13073908736996,9.02803046103147;-29.350813269493088,40.59037584965873,4.084128461014103;-55.40287929931312,23.21410778057586,6.078159813589227;62.279061327367685,-78.63875644993178,12.277116657878867;-47.20750235310581,70.71919961890913,8.379679782607862;64.87474424440447,-45.28816898347804,15.948257076210783;-82.5404596783994,-96.22784812500326,4.615954363570623;1.507325855916207,-13.089112180307282,5.903749942080314;50.96405098377295,-78.22521631828923,-5.51140856701628;-5.314278060115839,-23.22829879685912,-2.990737152752337;4.164934517997736,68.32039673382693,-4.363883918439749;4.6717287605686835,33.78109677422583,15.757511967353253;-95.43098289489893,-46.892265634771434,10.508476849297825;65.42979865443505,37.508614264327406,9.534796550623572;-70.23143541488265,-42.055578724258496,19.029308082492676;-3.4637324033110275,21.399725963505688,6.11124725171128;30.72142011485849,87.2434126526212,-1.3871919184097656;56.45845661519391,-84.55057485102131,16.45145834402105;88.94195708795866,-94.31775444757334,-2.5531593330375433"
Layer 24,#35DD4A,"-26.231729993915494,-83.24534311262734,10.54249727725556;-18.30938940977005,43.63695376727395,5.4548745066322635;9.676254761262129,41.90439178691133,18.70457299643729;48.73762570819218,-23.261663385560254,9.496501018797627;-14.903880079684555,-87.63744050490331,16.196429674233926;53.26500163014697,17.298721384573838,11.68269740607926;43.003850315484755,-30.889622232101857,11.823539279677359;-31.941997849379817,62.420389249222296,12.507243013948557;46.558341035103155,28.505018814112702,19.87235347874099;43.863557928405896,21.470012234031827,8.316517155862734;43.89823881990756,-47.55905462913102,-7.165691812372174;49.23565462261229,54.22093025329738,-8.201718133815078;68.56322244445039,-1.2545984263626195,5.484638597112747;-73.73599000570044,18.01234200327974,3.9469555119518933;-76.3405269780398,-41.96854785176967,5.58978969208289;-23.65340593148251,-66.01586085150348,12.798988645493345;-51.715089518458946,3.389571141055143,-1.8578485441532653;-12.847601783399497,96.16422862256445,6.022904406340928;-19.962093732805485,68.39668336534083,-1.0286702562292245;-61.00451722679588,9.327588872255959,5.486530993610952;49.3364630410872,94.51042886739953,16.3612741188321;95.67674142547645,-69.57079547858255,17.043603926244664;-57.40655451124387,54.69405294005253,-8.176388910800592;6.7712785622309895,6.0794881551695,12.473342624124047;-61.408828380081225,28.429016155994447,0.884356513304974"
Layer 25,#A89AF3,"72.00969423266929,14.016866658659652,1.2323706369740037;-24.536475778874916,-44.73774180184352,11.496960120288744;-79.47774824216029,1.3350828847141827,-7.677796556470312;34.165056506308304,-23.012827301325274,8.45304820164909;-7.646159743102714,-69.74369653522066,-8.454174564198887;-15.792826244447625,-71.8761404874061,-0.21876131534083854;82.65108148992707,13.454889010125399,19.59240540012995;-79.80195809468324,36.95826218534765,-7.304054146557947;-52.592579139965366,94.56079486828202,-9.221455558471446;37.627731872146114,-69.35541332259761,-5.5622575416006805;44.720918009165274,-91.60105760853034,-7.8870924417088;-81.94748170274212,44.38266765715343,9.014888774712574;-61.90305502789338,-83.22447790088384,-8.393196237763988;-61.309928009183146,-45.791400275320925,0.681397199496999;53.55177245997274,-11.48773246773628,0.4764565134011356;47.7253171086418,-65.74726456134854,8.711759484611662;-32.63846901242158,-54.80739273031626,-4.29562521161957;48.00269161562437,16.53725489837042,-9.022791563994518;19.728255827254088,-72.45366871458135,-2.4329809679567775;-97.42444573462987,91.70961550887392,3.0646708848098356;-93.57351356782132,2.819282379998299,6.0713246857451075;4.440050267535582,-95.36511725861092,19.537074382206217;-40.60097346667851,2.057419997891671,0.676151024673187;-95.04269381617343,-26.966610581411814,8.237622477656927;-15.121018841537847,-47.080125041996176,-8.023321225708084;-23.97884764926232,61.14482646599734,-3.5806113555371804;-39.343989266382344,-90.72214696929248,-6.179319818496586;84.85545164242137,-53.463524810896274,12.716444534467179;75.1287488433781,-38.35080895056884,-4.768372991031989;81.71322309008443,-8.62006169253361,11.071451471586517;-93.06167813359734,-0.13848397893104902,2.4791055989535096;78.66223170886389,-1.3652922350783427,-6.207564089299755;-12.683118232642144,51.64924640397487,8.946368958768474;-87.82180472135036,17.617305096066843,-0.3662452311736075;-30.663435717847705,47.77265999994134,-8.380288198696412;-71.71451938011754,90.99510697616583,5.561546750163426;21.575241206064263,68.35101529909977,5.700887722298043;63.69507949495775,73.70383671265466,-0.6219184337636658;-76.35439095077662,31.45759565226922,3.0719050234487177"
Layer 26,#9D5FC0,"3.260660009734849,25.519728930907604,-9.536399635211827;-44.249164905377235,-43.943368016601376,18.176246839385907;-16.583445588339544,7.13663849478435,9.041175548860647;-82.26714882318745,-69.72713329990009,8.999638222125625;-68.70394240814841,95.92023112412582,15.114205293344902;-61.111640431598104,-5.758228888547535,0.29244608842869724;25.856706396210328,54.36318737121201,0.5040977664786581;35.277303732906546,66.61666702182586,4.173285267138606;-74.66093103975763,9.786375765665227,-7.886186042395715;20.66264530660233,-28.413222525968493,6.128605422856715;76.65218318412829,-60.81465108645102,-9.16601621540551;43.50414539239543,75.96563943424192,13.787982413473607;-68.66018540085709,33.06001006036027,18.20694898781965;36.97304701110423,-81.50022805100505,11.34262365588592;95.2876261982949,25.26430687484175,-3.1626483349840244;61.95432909827221,-7.517238399969386,19.18340846475661;-78.9024358896655,66.24932693924347,-2.4323157186346682;42.472391228048764,22.189534757463377,-6.216265272058056;37.897175624639175,53.31301830821121,6.471403222928828;1.7814874267742908,54.94644129865017,15.955123575349258;30.27448080553006,-62.52060213266243,16.665455517447782;-12.120228431405721,11.954219938163561,9.396312829500697;-30.693100775562527,59.88940801831794,-6.942032925599216;-82.61831126080313,60.62836905811554,9.751412787104218;-40.027806900474985,-67.66981773784576,9.523484055459367;79.99499060851934,-56.520017171016455,6.8679244713344545;-26.678896768046044,-2.8815616424618895,4.898771004383253;97.07239080195774,45.65704407082879,-8.167607852771805;-84.3729290442789,-78.56404754932598,-6.044122421805195;-71.746416962173,-43.462973739526305,13.560140923658263;62.954076610629926,35.64754853582133,1.4261627304194562;-98.20401334005679,-93.11428586776613,17.7219081341536;63.195800695100615,-64.70671916899757,9.787276479717498;27.442234746044477,-20.663537647694397,16.97764441128011;-25.124188772747743,6.481576227067521,-3.343481187006459;-50.598507659001676,29.919419285355843,7.5777617775955655;36.41357107370018,-10.187432387865968,18.032585147990925;-87.1434785331771,29.36191301016558,7.62188898183776;-54.09864627344704,-20.497915503380668,2.32359022925327;-38.36262473267989,75.07689246161257,-7.497079381787299;69.9074574340485,-29.77058178576931,-5.096865544392125;-7.986001460449344,-38.320533878662324,-1.5982998571404625;51.48340777124622,-3.1186191430857093,5.942638331326144;-35.42403534109735,99.12139032695089,3.3478497307166695;73.53395075012136,-54.1452842422092,4.369392964606915;-2.652169680275236,12.887577734036071,-9.871778587283826;70.07510247051596,49.545612928712586,-0.07365424968973677;-99.24970814604114,-49.61735080040646,-5.687112190019708;51.47546237746013,-64.90715520339324,12.979066658111844;-50.069552992649086,55.62267863094576,3.716534817490899"
Layer 27,#B69D50,"-61.459990396863596,-18.22080783778614,-4.349289858800517;37.51624848255943,20.09403429639542,7.413915776900311;-99.69362196012668,-72.07119103081217,-4.7904554116807;63.24294099922642,18.34622204477786,8.915387465586022;-30.86980102521457,20.38097581165647,17.421627298490883;13.885511116382332,36.2704590890101,7.862269214989855;-2.4224598447936927,30.718855907842936,-4.103691405413984;-67.57234032612568,-39.89128726797866,6.109198554328266;35.2709286915389,16.820378857720968,-1.2229875456335932;-48.23139659460244,4.31778479192937,17.052737682969912;78.83123990333814,21.364889970586177,15.6203648124138;32.89490724925824,32.21495842152649,2.845847136380298;-37.76080101751059,-16.603779599528565,11.329984958739598;0.35230922358134364,77.82776503273593,-9.841473399302016;50.82528083967324,52.76199686076791,18.322076252889183;-67.26493023810733,-34.80132356190515,6.064224552641008;-65.60225364782774,-97.61691589657838,0.7342093178340576;70.5873178057015,-44.35561280615475,3.6075447986205607;-10.650988296700632,-30.628463901822812,14.823880100035108;41.36742550420638,-45.293597703555776,10.739783613666695;-23.353359879977447,38.095634756844674,-0.5064929906461302;81.61511238547115,-99.93270265769584,-6.87565714942378;-40.09039694554402,-33.91772969125809,3.412473624493016;23.117884131992597,-21.028452198932058,-6.633877734741047;-55.69737057162202,-11.116487890616227,9.784381903354017;3.8686043864519206,-61.4324102338882,-5.034190049534036"
Layer 28,#1DB87B,"26.034292492258203,-72.66895061787028,-2.4104106064503084;-53.47375513598721,78.42922562088398,7.087639529703054;-47.197011257894445,67.21664401271906,-2.085386518477388;44.3721830868061,-7.81281533417372,-8.541858400749515;20.672382906957537,53.22488902357506,-1.1645423431554836;-29.428651240987477,-69.00307277446629,13.04742294023691;56.82291417794883,34.16754981402201,5.370816728943819;88.16554084960822,-67.79995440695043,13.66294450473817;-58.481819150277204,71.43162266205218,15.310992962685585;40.85024101671246,70.15523711370776,-3.7819253924784366;25.973537821581147,-87.18289362267812,-9.016558804448621;-70.68704452481381,28.62075135819046,13.637800866382086;-32.473730892516244,-84.18871989668664,15.93046753112764;60.226586692621396,-82.24199047755002,-2.1799898466149408;73.11788298051755,68.45698471491914,10.708243417138476;75.13212061461277,-4.43868054548193,-2.0906145421165716;97.55459671714124,69.54411600533464,17.607910064602148;-91.97517601280416,-39.55348540449635,-7.7025223367897535;-11.221844463342663,92.75796932469922,-9.507300126926665;-78.82601267165009,-98.00152903801389,-5.051732638391545;69.30848417363995,-51.90965762797986,-5.832648522327172;84.45942635277001,-89.9695255686932,10.893767327959814;-62.145767106650126,-74.59310906212927,1.0123609195334744;-36.42089017461541,-67.75342249883724,17.518559969173005;-53.72519258040234,-31.442276659340138,9.808731830219411;-6.404552418530031,-87.25485404453757,14.693967134964083;-41.718939405708724,-14.506691674604099,11.893176639375206;-35.4342533844046,-48.12108003839615,0.40302365150075303"
Layer 29,#63DC68,"-67.25328912782587,65.45157186989667,-3.19160304109303;45.77572367828,-8.294951243980876,-9.725494926546142;68.46161978101586,-15.451098629674902,7.063369098990314;92.41625585356041,14.02298058051133,19.93358675263785;97.41080576166536,41.4128308461307,-7.866113909344845;-56.900854950678145,-24.5658644678483,2.486065550724188;-34.693950635317066,15.49636149357542,-3.274632986804958;-12.093348228702823,-21.187586380091233,14.122231376842713;-76.64442265306985,-72.32756186724177,-4.220787001026097;-10.053178592207402,-57.0147244146041,-1.1590905779779437;-36.58189686107989,-86.70081394061215,18.14790007081943;26.943670826862615,92.40758531444456,-3.8758705254544816;12.626325824003075,-22.082666664059474,-3.525475147583218;25.808825734227213,54.19221258078716,13.759603236460542;-96.22127917592782,-8.888922845315832,5.5394944219631554;-98.56297948065288,43.765936746240925,0.52097628707482;-5.277908822285596,-83.35072201028754,-7.030793704852682;35.64266670043315,96.68401151989491,9.238158708198888;-11.979798581174464,-33.236122847408936,-4.087679626555963;40.68871049839959,46.38743525089143,8.790223475187123;-30.232223881572807,70.99293400116213,10.740037195287336;-54.25258896569714,1.9635428526587049,14.922691250060225"
Layer 30,#D0E674,"56.740219397589215,22.135245239086117,11.900081446466096;-9.639633417100612,50.91364919102307,-3.178111044291752;-15.367914534347918,-60.5546394198515,8.920500232110413;-54.99187141627496,-72.87469532750052,11.1828491602754;-15.06071581352819,80.8767555957624,11.090484879873578;55.283789522249464,-74.2044079620033,3.2161662431686704;-35.08547302053991,22.097734012202338,6.371672501275466;-11.240302069568045,76.53376169994377,16.290455982216987;16.475275730818538,3.5462019652110826,1.3160029147863206;-68.1708108432577,41.876124079942656,13.77057661893896;-6.636329216229541,13.953910547378655,-4.72744011154674;37.60689465674699,98.29838090685686,11.740035031561579;-52.14047298090988,2.8508789268951347,3.4339428219998087;93.93845003625853,11.83800237249109,0.15762721665937995;39.05439518824019,-47.526906562453846,5.539365429725757;88.92932272560819,41.787177813198355,-2.877769245706803;89.77586457492279,89.61568351489416,10.121436394208004;18.424137617831562,-82.11809135892322,11.655024366196958;2.8583755014678474,-9.139017184060506,8.577126903939579;-45.95923321910063,86.15071521219232,8.039088984495642;44.13153668305506,57.87292139028614,-8.373114377663398;-84.45679856874584,29.126911761045477,12.359445007208905;71.18569370544932,-6.421233983125973,17.960813914383003;78.70624541179012,78.2495530963952,-5.885607800402121;51.91841509426146,-40.405870267958235,9.924448344939009;65.95303769767753,-81.33633811279321,-5.833982803428931;-23.249143365366564,-97.11521249544917,19.294368220884643;84.64626082793242,-79.26359646634253,17.503748223077245;84.36180133685323,88.2832834310353,-0.19441847924181843;-47.46744054274211,91.53054447819065,11.485073934238795;-31.916219249931004,-92.74956878681589,-4.378195668430856;49.13586246759712,89.08715992407076,13.947360445492254;-75.56531178485372,-63.401654913852425,-9.47107195472774"
Layer 31,#93AFE6,"-80.4329032484349,-58.34357619648694,-5.552309470721352;95.56066673982829,-46.06782387951268,5.041517728557032;28.540913444778454,-55.59624043345173,19.948767118181557;13.54800671073292,4.9338737685321234,16.074079204669967;93.96639196853667,96.77286838053908,-2.050315074766032;13.31919871841832,-84.86093883549896,18.16041772563156;71.96815389987856,-35.268528694576446,16.310861190345335;68.36619328288708,59.606036744008804,-7.909481762709202;-38.966957740898316,-16.710876537423204,11.335472361684314;57.20438567252333,-96.70864683764653,17.768709623652626;14.572479289562452,-28.065074331430154,15.864438792539573;-80.18721677174128,37.683115394220806,10.065235753729876;-42.26462256056938,98.4958929096477,6.906783139832559;8.971631461307737,-32.355231955474494,14.481840029560633;-70.34814260225292,73.11160652813672,5.028024886566655;-75.56580403896018,-16.07705655528912,2.5827942534435167;27.951740533555864,7.092382945674501,-8.07265074839407;-33.46113143082155,71.46130430702868,-0.6726309060851676;29.526255173194812,-49.31151817794971,9.040745870271678;95.28824384370665,-56.57520053625594,11.5502391713418;61.556296557153985,5.785140167229073,14.996389547652626;-18.17943723680864,-28.449871823120873,3.6862945181344493;-45.329635432293166,-97.48875616604641,19.851626727725286;6.07365312581706,-18.529623218857225,-6.45638665340435;-13.598764704031495,-55.82004626990996,4.391124356755023;-58.47224317945704,-27.932558958327675,-9.934441258660817;41.992951338753045,75.5269936186159,7.4356420129143395;39.18049285038788,-95.86014264000706,2.51603699085379;46.045168853313186,-43.7577358836111,16.583215724434726;-58.434568346196144,-37.48982928535998,-0.6470105638275214;-81.91001724762383,82.69361311591697,-9.500110344844103;91.6240722347633,-11.914166259043824,14.003061740200458;86.82945329783544,-81.69589499460317,9.3892879017415;1.8272653706226833,-9.474459722704665,15.82365542323921;40.74108942067198,92.77108001371244,-3.619848017683796;39.90201725912951,27.033556196263433,6.19931106745765;-21.940551665750945,7.647011133454853,8.1017833142655"
Layer 32,#54AD5A,"-66.55815326045771,-27.533199612132208,9.865476718083123;-2.5679200588647433,-28.05398063231668,11.197742989445178;2.86744722270015,-62.06643925981158,-3.1300502185869377;-46.58592103288418,-35.097014613895425,0.30985927070129193;-72.50861380628336,-26.37021011724235,13.969352916952765;-39.92709806627655,6.234467500775267,-7.055121338578182;-88.33992154663157,31.956899336051976,12.23819939710215;64.37261020582335,73.20913434148255,7.573342234029511;86.90674730482752,81.13461933951612,1.96613491617906;55.50958849948216,33.47127105570456,1.9762414480164558;-22.356272218404683,-3.533744941462359,18.595160718563953;22.25606443156066,-42.73166882124409,9.50365820494389;-49.97226324174603,35.48050775982111,3.3859771435090416;-11.847917512497531,13.843256667307173,3.350566511790957;81.30603941874261,90.71440438073617,7.604261631573092;51.619770936614174,-21.829195837034973,15.019299145470903;-18.826008127428892,-39.5810483297306,14.207368682915455;24.97218973399322,24.632781261465368,-9.078442122995176;26.479255042134483,-79.83062784364434,8.783874928680518;70.76390716779537,94.88772018120386,-7.030265954355897;-15.554637271205223,50.40953250108245,1.059746207365862;-7.379097474472843,24.772198441563546,-4.915744951036038;37.12454831042294,34.426767608410216,18.395288361303464;18.632223029839636,35.08248672267692,6.013497140704747;-75.85194623524444,57.30027589612456,2.782999737799713;-94.90059612536075,83.79413556324599,12.698767132601386;-64.45988567776317,25.81699702118344,15.611141614723032;41.55953062352356,90.32000127816926,10.837135825726108;-29.661452957592147,-92.77103596737439,-3.815641286141303;97.48788664482808,82.28661531367757,12.914718333700716;-46.05552692936102,-21.42231126069383,18.596457275648234;-45.15966268103296,95.20661954085537,7.74794384033914;-11.654618353810804,-3.0914255729429954,5.199796868350141;70.23630092485305,-52.07016422314891,13.14380965680175;26.04289606147043,5.760519863434141,4.305469177966891;64.34255133085549,-8.152512766480612,6.395654159029654;20.110113087717608,33.028542464441955,6.3385623086258995;-89.43744859012384,-28.64870922383902,0.1983736771635698;-59.57453526445223,38.43528516017133,0.5535118458008768;28.490376304579314,-65.09345186565704,3.68351618382677"
Layer 33,#64A645,"83.98043048189191,88.57593214146706,-5.710040760614229;56.479690932233154,20.79138952951108,9.809680647240011;91.06484151967794,77.37557132176451,-8.962018199517921;-32.77078591510508,95.16549504136279,3.0362996582941584;-0.20645502233494994,-57.34270738467527,-3.458011167713007;-39.11381918682667,91.73089680325589,-3.8575622808119867;31.505526896600827,48.34216682997098,3.2753550636304976;-65.80676681772658,92.80521758951812,16.23713477352203;8.131218020704651,-37.47283190667241,13.251802957765573;20.559578611565044,-59.71445900181437,-4.719843397059439;32.676209508635,-80.72831843002167,12.784578482979267;-15.62413263987176,33.77873107747334,1.0295833649407804;-13.639479401632897,82.34477387777159,2.312040732853349;-47.41601541865371,-11.475270152665232,-2.923024858520627;-61.70371913269722,-77.2094100777374,9.617905980295795;10.35318181474122,22.384902954308345,-8.980507914790785;58.73962938974668,88.02517754518186,-9.911669274124144;-53.78744608535245,72.21043368098515,4.857091066952991;-57.37061738610624,-26.457060267591118,5.952598641199517;-9.447738063011244,-14.374646662803613,0.8792354844814909;56.63364689575397,-45.25451358892528,-9.521661398825207;-76.7836408256103,93.7012741968359,-1.9616332329807946;47.36477090786394,-34.17465549909416,6.542791797230549;-60.97769371616158,85.3158207468066,4.5695668972890555;84.2994799938401,-38.161778407084796,2.3659275507425406;-52.41697349857704,-50.281562592066805,-2.0692822682016443;-83.3962786694169,67.21720161916355,14.356103600563188;99.44930592640691,22.72740068986677,18.959376864570054;-84.91081948767625,-63.65603696695893,-6.766965727793483;13.354682939417188,-92.24860319689884,13.93007894117438;10.555810844501664,42.77895278649777,17.357453105421815;15.099606682666462,16.00070161102626,6.450184982304403;63.93898276130008,-76.67832480561269,-9.744937810034758;-83.94431459612508,67.88672850227067,4.385864067878678;89.74420756379828,-84.40990280385354,-9.473753056443355;76.58378193082928,32.20372533237182,11.839384199134646;-11.562137820885596,-50.95659654087158,16.07474712803055"
Layer 34,#AFB588,"2.0577394379069034,4.884690919855373,1.5311570454053456;-52.91153893863755,29.42691301217488,13.150388955678018;-22.201302398874546,67.379355630796,-7.072586094145591;-15.941142301434638,-98.74521325989183,18.64566604151546;-97.70336775572086,3.807748859058023,2.5475210359697495;22.40827834840887,81.77119931234427,0.9750382929984056;-37.36322087723341,72.99294551610171,16.17712148830002;-34.578028920545975,48.38837859556429,19.019643989925694;-8.743065434401814,45.83244847046885,5.947353966548038;-74.50614205345455,-75.74957855421664,-1.7613777828649102;93.90394080395379,-25.672862863253584,15.21100875031983;51.5366209299537,-96.57760911492356,-0.800550356617558;-65.14832120821379,-63.41824748410122,-7.1279539711549535;-93.67509411999472,-84.15754033221167,11.451584196995235;87.41046824895733,-6.638781517599995,-0.5585555530359798;87.54832077456706,12.70251610947669,8.106270819987877;-98.71443149293081,-7.4487572715845545,-2.3757461528971806;-61.525675168437374,33.04530470869898,17.436622689097234;65.9341857219423,-63.42317191374999,-0.13089591001793188;47.507018373689476,-64.03980000882163,18.226356787493486;-29.422011039155763,-92.28333297611715,13.068494579733006;-40.87389157643074,-33.09404773790193,16.054508210844283;-57.41676010205635,14.43419166391665,11.478367943434364;-19.98756929621146,-62.04759514787364,12.286506034031135;53.38609277618335,77.12665796467599,0.6339193313216267;-60.106527966076264,-85.97696834511183,18.57033917154772"
Layer 35,#240F82,"-64.29473495275147,76.08951908603314,15.707315611706228;-13.659690899147648,-24.1736281434046,14.522630386601616;54.543829354992255,-43.80896246734748,-5.201557157013287;-58.799510796038476,47.71784646863759,-8.67587916346506;51.24082955492497,46.03445935665408,16.407570057293725;19.86238919923204,86.08372063517209,12.927583555412191;-56.83809527007359,47.11376106326486,-4.3090718770036345;0.8653964538425214,50.81870648164494,7.951953305274252;-35.559270921904115,81.82361415888005,7.2099987981027205;-26.166252090787694,96.17639224402117,15.319176446603638;-80.08083297011841,8.638851917135412,0.8446081548638951;63.49933209772041,66.24089502065661,-7.26640141667656;23.483939756428768,10.708728093834523,-7.190291455703781;18.094249357080713,-36.10204599880589,-4.720489299462308;18.711366128707837,10.36779201824362,-3.627041545923176;-9.62410926842685,69.21384889785193,17.22322292867635;-85.44176840411497,-71.84906456521166,16.711595219668208;26.658386134422273,-53.82895690186816,-7.745596266858616;-46.73569842500534,22.943869955536513,10.355286493030192;89.01733547578138,21.13143531977458,14.043374072004514;86.20422187636507,-11.802799658725164,6.665679925056317;3.0387745433469178,-24.867865273227324,0.8389857852312126;-26.234461496810567,-25.331576267538466,6.129446421608051;-55.439749107646136,-58.59338076709325,-1.7748777812332843;7.1015749367997785,-62.604002548647166,-1.5106727839230665;50.979670231190596,53.755857955133024,5.2323644172012;51.287445146493354,-51.58057658025504,12.602916572185325;66.77195606697916,-79.70938699233669,8.368840681602705;-32.15769175407071,-68.56238976809061,1.6673706676647324;-43.23998146641224,-18.89401551935987,-9.125225063639734;-69.1595256342354,12.899729957431234,9.28268982441503;-38.41609268224591,79.90699969883943,6.7146193936240905;-43.76261871486136,-8.674801038006322,15.81647258365966;-94.08748808185314,-65.74461233186562,14.451580632496668"
Layer 36,#2E65E2,"-65.36981234802698,26.498139281936815,4.034674348722106;-90.45631564635026,-36.37399448211596,14.242245796896636;-44.16134708887334,95.11132292697604,17.07244427933724;14.938963446703767,-4.130148161886794,19.274858006951828;88.52812415995226,-74.68878714993221,4.906613041233923;-60.78531390352685,-2.890601318645224,8.471514151395127;7.576777362038527,-41.760433531383775,-1.6792536706277055;91.60623286838063,-43.51220555005678,-1.3127562253935885;41.85763311923523,96.53589105822837,3.365720666847462;55.289438706328696,-0.8949597135125771,-4.789301631647352;44.23315685632804,12.357075534098115,13.748874383813355;25.994575222509113,-50.756660263332066,12.92636959389089;19.594445247947633,83.35685202814506,-0.45079637172676;45.22771076132338,98.71025069880568,-9.927951187705414;-57.05002517837813,-88.79066555047501,7.755312890465596;-69.28602821501894,-56.11641204848409,-0.594550983046009;-27.745578920683286,-7.716223345736111,-2.48935063987241;85.537464705557,23.616562886589946,16.556395416018393;57.45738468018132,34.08459611952446,10.819153480570648;-3.0508626204872797,52.83617030027111,11.54156253355507"
Layer 37,#2B2C31,"-41.41829629773158,79.1484351780926,-4.479539050263487;98.1047241990841,-57.2995319591043,4.167315809495516;-7.979964340823969,97.44129448147115,17.90117758184714;-5.394090188778364,-11.58737931940449,-1.1461720619493025;84.460008213502,-90.94184807253534,17.604911995784995;-68.5344399639983,-40.403324469670146,5.049209000301964;-67.98079742625814,19.790112659394495,8.161069093962066;74.0490697045681,74.24483934936723,-5.132393388152435;76.0914408862902,28.647236585125086,6.002723454492852;-75.47439710504501,14.33323669836669,12.490200681623552;-7.585604862550056,78.40009018980032,14.371416937419802;30.06477637641791,90.01710466247897,12.600689161796165;95.1069030586346,-9.501283171457928,5.412125222456115;3.1339220993310164,14.432932952004933,15.081287775171589;13.29130595873805,3.480057518661482,-2.448207319069482;45.183666668385484,64.35164614992942,-7.713862761255889;-92.55884883786382,-6.676908935429822,13.768876833811497;-94.06476495161854,-53.793613538043004,7.442323303659993;11.635974115744602,21.490021606950634,18.55141341633302;-9.892790520688578,-62.376400051768265,4.96171382565071;-58.29180993931441,-75.75133167258107,-8.756647698549891;61.72918154104016,86.85701420460444,6.115664663513627;-63.79027901077254,78.92451658055927,-8.727968589391725;-63.59117671859694,77.36909436631882,18.458280964316295;-44.219695823876556,80.39835976326924,9.239887265340936;-17.38422867850022,-9.005852113977866,0.21500492405425398;-15.571135760498592,37.72165941380314,16.37328217379134;64.37943844751564,-57.983068514432325,9.501246376114665;-47.56616907902383,-77.02538431469974,-7.136348923478472;-41.55745914882083,15.280185159009008,-9.439799645408764;-97.25458215385166,-66.27911238149917,6.91660912011039;-32.79938023387808,43.88254667345524,-1.1575345209108399;74.13959993146668,82.64807496755614,-9.3447675413536;2.2886922841064887,-56.68403749177625,-8.202892589342362;-70.54383033979161,-52.423523249757665,-9.184851593051512;-89.32061487170148,-20.963163439829884,2.0101573893639344;-53.67654177655056,-70.7391861276409,0.2794795677073356;-93.62562619400218,66.40395966532205,8.17644525831652;-29.533309042475224,63.513252127161024,-0.22230737650018817;-99.6873117280292,-85.35467673007972,19.909394034295897;-32.30648884615961,74.05552797967516,-7.426048693376448;-23.89831482752156,-0.047078118639973354,9.038556463730174;-69.80514719131077,-30.722689610526842,13.685808863623674;-44.615992292530954,40.272032925715024,-7.303823959704136;27.655457976750185,28.57977395729509,15.287651438653594"
