Layer 1,#09E973,"47.257824490282474,71.2722417230843,-1.8153536006738342;99.29825324650872,-27.7373359033503,-3.6984333258531796;60.80426505795441,-14.746454046879066,-6.220409692086458;81.8235571467248,-40.793754515703135,7.909382576558269;78.03699663761932,65.59791094245307,8.18716225791232;50.31540533958179,16.230033701532903,-0.6883436265517311;-79.44030668715389,28.225691534302115,17.82537019631708;-63.25576122680982,97.9212366949564,9.584098206980581;-37.79123796603219,2.266062415377178,-1.7251059419091224;-15.128441879047045,17.279122748665756,-6.888697051587286;-72.6077100360365,-35.94262260792618,14.521984827312398;86.65792469284057,12.729805512270204,2.470897757168986;8.626547757404595,-27.31553550701362,18.37271793278523;29.96285473824804,-78.99074002429053,1.0833905407970086;-28.720824928201978,-21.402570425303026,15.24485611657084;48.99396922270313,-50.627381053843735,19.175641740873278;67.0853409996435,61.25878573732737,3.3203957462372156;-44.98649235889188,19.769024076142998,-6.757036546850383;61.20285434878761,-5.498785460870096,-5.910925132572612;-61.07807403862532,78.93534935554527,1.0226736553860682;86.48815783168172,38.98277907896551,-8.368359577029544;-6.299999605356561,38.941657145782216,2.9073071547112797;-98.51323035623749,-17.735663127660942,-0.2509685270887214;-89.82794234616955,21.461563137534412,-4.577999492709587;-59.8857579282582,97.1111745611895,8.4349593246876;-28.180417150721055,-46.26182532441943,2.6520385921240983;73.84525656762048,-5.560909994633889,10.240449652421745;-48.38418324142462,83.34571690331984,-2.299926806018984;87.85977375112824,-19.359038222557004,-6.634243134176202;-28.18789551487673,-9.511897272088916,-3.5863923984042154;19.38785217849754,-41.3945878598238,6.203588421594695;74.43854173933957,-14.313618059317363,14.197947555552481;-91.63861261462097,-91.75222446364137,6.691851305807678;12.211783722018168,-76.40679599214559,8.171971647662804;9.297145839315661,70.59704034576967,14.846081227631334;78.13756949260934,77.35903150804862,14.87848829135029"
Layer 2,#C06E2B,"96.6090406720289,5.465703290237514,15.983706291753766;38.402794896712095,71.95259456119149,16.758608469984914;22.63639871306208,-63.064736821200185,3.1845283041891133;46.0274076969373,-6.452789030556019,13.204179268406634;64.57957206478892,65.37154472145286,11.336926958986723;4.834946318712454,38.79607868802154,11.524481158138272;21.992286465762973,-91.95216630086512,4.410168531761128;-52.53669924414733,23.083948585289335,-5.869820523910757;87.13829480869109,70.99512585182197,-2.273724822211314;-66.98101018127716,93.6000352334272,16.233202130270517;-66.86765420930521,-82.79890825986382,13.0662740553067;91.03970520547225,-23.07108246560709,10.32803532448321;-56.043630818941715,24.45665463321619,14.356480061318845;86.6277888722687,68.44234826726617,4.667526699805004;3.702946819879557,54.93672177056078,9.731027465041656;67.08542122700791,56.040237003730454,3.8579057949134103;36.443329510497335,84.21420158402606,9.064210407254524;59.837003544102885,-37.42898606650955,0.9310704070185256;48.02317926941498,-46.4840720988333,14.09392222425641;-32.07322611262329,8.532979127419864,-9.760532225405674;-27.58360208621575,79.11353481667507,-2.1477412728289096;24.410567559223608,59.827078401813566,-3.3001438955222016;-29.514589450056434,41.42838202080213,18.21606019543582;73.76163898841557,-5.680412473803216,-8.589222040007202;78.53155333117232,-12.289068796393707,1.4384483031929634;-21.196927645201242,-81.6140634128256,5.6984364253055215;48.51352593876186,78.84137326555432,4.935856299044243;-84.3721690336178,7.836455545836145,14.47944661609161;24.455080711998974,-59.17434188086784,16.661285850986243;-83.90173296905323,-34.658015658363155,-5.763225341325299;26.176028594208532,-62.019272882246966,3.907488137698593;-89.87097548468887,16.185203415328246,-6.432352876132953;-30.049257808819547,-20.107369232418264,4.91304470630992;-52.38148364978515,-96.86216686099999,19.817944408553053;-89.55827719364788,-19.663163126300432,5.555665795268194;84.53106075523169,-54.315901573043924,9.289367243340415;38.993412564827366,-35.96945252676835,-5.778885215308392;69.81942185425686,-90.17916874418312,-7.606700140261458;-95.34038747651353,-74.18343047662876,1.2903089116391797;-90.90650496459793,17.45135058956454,19.593539903459764;-29.988901821595903,-20.59711234311645,2.5460690444701886"
Layer 3,#135DC7,"-87.98934808491609,42.94800306238869,11.434316886801469;-72.34571616421825,-48.49187456516296,-9.751063270110118;-51.89258898450791,-87.15756864469996,6.235623196092497;-79.39715181396022,-5.683383629942341,-4.185369553725314;-85.71251412649765,28.108162211928715,-6.089258753269594;16.028908876032844,-32.82805592812824,-3.054815453309188;49.24305720813274,2.937709476414767,17.921634124905207;14.004638349900162,48.18805180260571,-9.428863371708356;83.33268344514732,-55.04190580784937,16.669117499229653;8.382070757276097,-4.477194820736472,9.119509222854507;95.30340214898811,0.059165306985363486,5.798895823091389;94.04057243816848,65.74947489956867,16.568397298548756;1.4727899610006006,-99.7340993394653,13.246917256454129;-87.20419026519525,67.39553497838205,7.705017328663356;-26.18415559040568,48.87037642263721,10.351659375669534;-7.7816873837843445,72.32329232547659,13.714436161193508;68.05445171279794,65.62457202080861,7.633418064666294;-70.32546944541744,-2.720937482843027,9.009018746135528;90.39370961852057,-34.358719122823956,2.879309658511163;-61.662715715234064,48.56053945679761,-3.731159376434346;-75.3428628830067,-73.60692705198407,4.367135384941363;43.60343443673554,-69.01293354213975,7.857950507912289;-36.91586739311286,-56.93913575440032,6.867657856187929;-16.76391897803741,76.24673150100767,7.287767806258223;-70.76990915645672,-3.0389441386696205,5.36834487496289;-93.60832798415504,56.2329936531024,5.626067129332695;-15.816804566811868,-46.56166665940432,15.31230920536468;-29.800240644541873,-17.756446686826408,19.581261934249124;69.51499243740642,35.974515771466855,14.971456009983793;23.07759263626646,2.294349983772676,8.80398406205385;38.37981885908795,-10.700022656890141,-1.559178038583351;-17.266661518907853,67.25116082079086,16.617390864173846;76.14300435073136,-32.70251925976433,6.6537369954078365;-17.705411945341766,37.684667256460784,4.263553929527825;3.2411354997405795,42.931892969408324,-5.009716453037619;-1.227225559192405,38.300751520705404,-2.271935687667037;69.64763548244778,62.158276582804945,-7.376148331092491;9.36011748302515,-63.42603391866052,-2.399032517452553;39.0929285702004,73.13152376583477,5.672279841321664;-55.58150100177811,53.29972109852196,7.746157945321745;64.90595917617657,77.10062344658752,19.946105702456062;-8.710781500759282,-83.047639516866,12.85033207594445;45.00158892596562,28.76857107192214,16.16953488479477;49.26964256607812,-12.518230469024232,13.131412988414414;78.9276271976077,-38.5747707171684,14.799355249953393;27.439669026620493,-77.13927444272466,14.995930540482412;-89.53912216432656,41.778145386366106,-9.847812448729956;-91.45699460250749,-69.98971303789911,6.074204517952591;29.043701688935812,37.0155802221347,3.9600976473707004"
Layer 4,#447FD9,"82.88800237987479,-31.04627350427498,-5.194501396296164;-0.3365975298737993,-45.6750476101308,10.952985172458227;59.431140312077844,-45.33291888559912,-1.429382757511675;30.182434330594617,-10.022307095714808,-8.038948565504613;-21.16209581814455,-95.5968745603982,19.581279347560702;-33.93602561205287,86.37827715929373,17.618947212003974;-72.15145046166356,-59.27750332254734,4.01637612467627;-59.281400731117216,-55.47574669349927,13.461799230326712;-98.17136340709736,30.293471720984655,-0.9153827493172937;-79.61040166778739,4.217539866999232,1.183405389558219;-83.95960662788026,-61.944152763060764,16.788412708246952;36.37307027549767,-65.68178094376455,17.417428215526144;-1.974687908440643,72.64355323692234,16.217892281628853;-91.1907011718149,39.48926789781177,-5.645108479449635;-32.39264274015754,-10.301284217555718,-9.858886315761426;28.85789747710166,-13.26987786869907,19.09752254111824;-94.56369455293769,-91.71620566254516,2.8673428008629465;-10.973012791437156,44.21004895235518,18.31987081179067;-49.96834895244738,65.52481444397813,9.551586167871445;-30.668564826608403,-8.56628689911625,-3.360582741624932;-84.77486630664646,-97.85935995063389,17.511328719471052;-59.75550168685911,-98.6756219904608,16.22269598578308;-86.980623701738,53.02490673870318,-2.5142092259272735;-14.85222535948536,-7.582241942286998,16.511430162997492;-61.64902679021055,13.028899321690261,9.914564699077562;-82.13969493410693,36.246471834382305,12.609294289863684;73.11733307558978,-92.03414124916311,-3.445398518577326;-3.3742880451048904,11.631032841258047,-7.871621957199164;21.26316680010136,96.54598092126145,12.416662697704467;39.77983192381387,11.920848526922683,19.82372253811032;-72.45910453808943,74.6197961530907,16.013659022932625;74.84636197504653,-6.333106211464013,11.616021088098272;-71.50040950821443,23.479773324182347,16.608962774839352;21.869507821782307,-71.77270515349656,0.14557092168801056;-26.813519357836654,-27.96972902782214,-3.2029682301249967;-68.08862274803971,8.531132932302953,15.134980424074687;-45.77326168166567,-57.431650278131386,13.926651130675406;74.25420983283004,-40.4574142269383,-6.58433031109713;21.026674741250403,-99.32104365965691,0.09697697531402483;-31.93719654029755,-94.03037092822038,12.298865814168987;38.15227466388208,-59.49150098685399,6.549176813541962;-29.985436128524043,-45.45591472639166,15.446280885480743;25.995544710677038,-61.2065990675588,4.902502008122186;-33.33921216054259,-27.773609456543795,14.83016666138532;-85.05918129184953,-52.35231326594379,9.091839476098254"
Layer 5,#651A59,"45.045170993449716,74.1780554299182,19.450812992274564;-52.761426298150866,48.59960647958329,16.804568751415903;-9.072454845325396,86.3311741991781,19.85126191300029;35.25223158391498,94.13606275914091,17.40134920305865;-56.39817284670484,9.986996254968432,2.3229871983000905;-12.654182995561783,-66.34716589370242,-4.460819010230911;-62.37418265905882,24.651299897467055,-2.6054371841192268;-12.078389152547302,63.79618789731563,-0.0027015702136239383;7.515090427012254,41.72738844068661,16.164151494178878;2.0608536706654235,25.324468244154147,-3.4531060051527493;34.15160836678908,27.174242803162926,-1.7122046516218798;-36.40604904593776,51.8324398228728,-0.7800318650547151;-18.200677872467068,20.71100116008114,-5.963351624478951;1.7776175820977613,-68.91157225471804,-0.2017108939416712;-10.495572215503543,41.14116212741652,-4.088063591527847;-19.638829718093362,98.98706182780288,16.918877598851655;-72.30797671436812,3.4499430806172597,16.997997052648493;63.43290579417689,-53.34224414463503,6.149499851685739;6.8861574851375735,98.13182433303666,4.844600921965421;1.2143138596024272,-3.8782623296293224,1.339278739401946;72.77870860622508,62.06693218984799,-4.225794626561179;-35.589846354225216,35.76760805789053,-9.381799428989208;-59.408946095433315,-30.005895978995923,-7.1143027078716;-34.71894511403656,15.933479782689005,10.125307568624482;-1.2427888965928844,81.06877382616742,6.180404987989892;-20.30353401561038,73.08545022886341,0.831342304918385;-85.57976051979125,99.79109017071909,0.5741673178892608;88.8878470488786,-58.20716163375089,8.128968504663735;70.48242768252862,-15.112740847887338,-6.844085217757698;-69.44446082277884,3.234932256946877,-5.210370835862484;-73.15805789433213,-47.93504399374491,-0.0024511791297570085;-24.717741871142323,-60.223259496220635,8.789046053392028;-35.47740217903062,-63.707876781839346,-8.111699778229184;-81.3021272167445,36.513700274119856,-0.1241782005355141;-98.99529071938566,-67.15141619709655,12.832000001043173;-75.74240780312172,97.07004123312336,19.353408952655084;82.61676637301255,-15.644896181492228,2.2248394894101153;-66.1960176334639,9.393934720608001,9.467323771956199;71.10568656998458,71.46512212907044,-9.40423636160295;92.22198538419144,69.4991164759308,10.285559412720549;-27.18664779458264,82.72874965637575,19.375334161598616;5.9941266703653895,57.511895425957476,5.747411406686172;-95.68602901091533,38.11694687452541,-7.142278908546393;71.1149251827139,-14.484975190159659,-2.547045519505878;-76.56315783773796,43.080763458190575,13.495355206185852"
Layer 6,#165DE7,"96.2194740688521,-33.424142174054225,11.80076878895456;-79.40459054101088,-14.459755770574318,12.304262993962926;26.559282613740535,-53.93141074364597,14.68006634190385;5.428339094645665,18.47729888840813,13.44336754719632;59.892801391462854,81.68621777068208,17.563260806120514;-94.7276197324645,-24.607599540142445,9.79069660339485;-96.22001766332792,95.87214475046301,3.344348345316039;75.92270142895524,48.03389220659187,2.8342429907904574;-7.74679205408907,8.015551090455716,0.04149234559399595;-58.411249967715484,-42.56222251275557,2.7732392114711537;-22.637840925328916,24.6630216492662,10.90057151405982;76.28566361098305,-94.30843803595351,-1.1256728747183864;-97.41474407521973,-61.173276914481036,15.257019883077412;58.38976913525761,-23.331959664442948,16.648921674489337;-91.46262391184874,-3.2993372140989976,-4.955538498203916;39.842136033340864,53.107242830615405,10.082664243579384;93.11873646286301,-10.338875402387217,13.984351049365198;92.77518654658886,98.32945998906007,-2.552441433332394;-3.1558293429230844,-48.64561663039576,-0.8267136661680574;36.315492953968885,74.22139103338205,9.91377397661385;-10.56722807129941,41.19658627960527,16.87175892631435;35.42654650446545,44.55857071679668,6.28999896436968;84.12023851344765,-10.601049535626416,18.974734158305335;-67.50463424809973,-37.39142276070829,9.133181777933949;-47.08341585826344,-70.84464290478894,13.93566466099086;-80.1198017249459,76.96397321750928,7.062578665499569;69.22965023559266,-6.062028631101967,4.218834752865094;68.3933381547738,55.434966203423784,9.580551317011924;-14.369929894613762,88.96619005295983,19.465709080005556;41.09250542854505,-37.176747924324594,1.8369707134775908;-37.267891557971815,-86.6015006973452,16.89355800731082;-76.83125006590132,56.23092043794,-0.9316740431280373;-40.21410349460297,-36.25710085048375,6.4515951095199675;-6.980416468016529,97.76208083102813,5.490722770105796;-31.27891986234441,-68.21252587956182,17.868499594667778;0.5883929694488188,-63.90089280758623,13.158039212464736;26.546049468702904,66.73747898159758,0.10863511114980717;67.70461095050933,78.05273234351463,10.924818574049784;-90.21975322678517,-44.91846329837353,18.57930881761359;-47.67756140829363,-32.17500353210781,0.3355681361746683;-29.405142833566018,-46.20068092340611,-2.294778382767795;40.83928580535988,-30.961963860227314,0.03138075515260397;-28.380913303414232,-58.76564803521077,8.557978309726181;-37.434721847493506,-53.02152818423175,11.02197259344343;79.79294571673165,-92.59423865306093,-2.3801273621858625;-71.13276283175782,-40.08333936707425,-6.522318734066922"
Layer 7,#B377B4,"-48.42887773292411,10.31607082611282,3.525164892543712;-14.81961368313344,86.13594377187223,5.7175317349748624;70.61959781310657,55.007438288187046,11.290092673893938;38.13279191477656,-16.666882149110563,-7.818629511482502;27.783997220362394,20.609578652461636,8.98303239201471;-85.85735978090092,-29.924976436202428,-9.030688589786351;-60.04146587445555,23.134546314025414,-8.27036089807235;1.143274159657338,20.46924644800238,-9.938108524652838;-80.35457553338426,89.31705787380389,-1.4103755488307588;19.88509346467508,-7.467023769172755,-8.267759194323865;-90.23195170936286,-20.260193339608563,2.755543235431835;17.95891710093595,90.82350707720886,17.436453918218156;81.59995939140987,62.13184406512133,-7.945077669181705;-8.547367655473948,-59.4873675218495,-5.242098522267641;61.2726199954449,26.3608815185365,16.98233260009778;-84.61837422775868,64.9307539302059,-2.1478658594143445;95.90916110350923,-80.69534242501172,5.1434447535230845;-42.39471384367708,19.136547678141227,16.920724006381192;22.43844347812373,10.79448258001267,-2.185077144373502;-5.730331044687119,-30.672424341222268,8.919458219788599;-18.91089538320705,-20.71540463917148,-5.180751922108181;-68.28107783817615,35.68732901353226,19.630862119860517;40.863042862669005,62.14175840989404,8.974644581374378"
Layer 8,#D33F9F,"-18.85064207477501,33.30821777104708,-9.330473945562362;-64.2176973035343,9.584659460151215,6.144178048884541;-45.18188428915109,47.660968647878036,-6.659687347035309;18.968836059270657,77.91678814984513,17.010835352341427;-20.355379801989514,15.535545273766388,13.447538647327043;-96.12589542921275,-48.25774265925389,-9.886060118115937;22.376729484093076,64.1683321295549,18.270522150848404;-79.58799973752497,-39.66129233662581,3.3768863829123443;-53.06476665481504,29.9873597457819,-3.78630306946173;60.85243761406312,-88.27584680814459,-9.574971255281381;49.73454512486745,23.11636393700293,11.299019760571703;21.257236670885362,63.65235041073424,16.97406251812861;-13.162097186514444,-30.20727127578435,-5.730154020138319;20.58747772246184,-41.22859792826839,4.562571250183561;88.48009647551388,80.80315994046342,15.833347343079758;83.96624038488577,4.601240683220794,-6.0998611172400565;-30.88700630675943,30.773553373009975,7.103113997697275;-30.739974398771892,50.309559032198905,16.812838284127597;-26.488666253839213,70.67157416202133,14.698645371397241;-49.6979239610776,91.704419363845,2.2648423976652357"
Layer 9,#C092FE,"43.580403507118774,-69.758611021598,10.374389455357143;-94.8208873382753,91.94042856316506,13.88142949435834;-27.922930114236323,-76.97325179607199,14.558001687072128;96.14645045818955,-92.73682018184029,-1.3128975364766493;-64.37728477634019,-57.43578063323288,13.51112660567519;-42.06987004142431,-47.92695183837477,-6.790511605311228;8.639874309981039,-22.25189272478245,18.415415569320263;98.57424642866854,-64.68528014344858,10.471684749643469;-42.25687851880438,-22.287666646393745,19.724023850257353;-69.58377663265767,-8.914681666942599,-9.673111762559422;-28.586103185271114,3.099059795015066,16.108727866812096;-68.65177353755766,0.9573326496998646,-6.506277237313817;-46.776181950207615,49.989109236197265,15.35349676438372;21.78779022025411,-98.31691255317759,-0.5043530748093144;19.956742385028733,38.7356127139891,-4.092638643073208;-54.460809856560466,85.61663790356732,6.875975718312791;81.04739081433735,36.33250049148299,9.70616437474041;65.9346353501185,97.61015538146529,0.6561168714223271;-6.9675985650002445,-61.99162005365876,18.371325833797638;-44.29091653036144,-17.970379749112354,18.800251933423777;28.882384377090887,20.092012425534406,4.383026383808623;89.22721464054342,-33.60119035626313,6.366996716118727;61.502874778522624,-46.74385011718243,6.712484406775253;36.24635862638138,-91.71112552299357,-6.597413289730266;-48.544429594400356,92.72968499107859,-3.102359759496765;-39.572981466493424,60.87477230457253,0.9950830039134466;25.951989027906507,84.28371159990391,-9.09315249894436;71.32886961074033,-90.2296854883566,9.136310825940207;50.77017984561425,-6.9816106304106,8.849498813279688;31.22135297023044,-15.24921897154232,9.324509569663501;72.34494691815496,88.72808738300947,13.670431452165477;25.05180425481049,29.267566114229993,13.799759994850767;20.153855166138285,-78.82268990245066,-9.305494352910744;47.275445898480484,-64.52222423366524,5.784175810549643;-17.028239159731854,-97.4706217157173,-2.761162149916217;-5.3457668249991315,46.89343426835944,17.241441019283343;-58.93446765370122,56.81066365807931,9.12959364850295;-40.52835392392009,-61.176092054951816,8.053921351330835;-30.574204591997997,70.48878395744649,3.6087940539060774;-3.311511196755802,-28.374458649734294,-6.723904422577237;-29.544603537046072,-10.77922151980826,19.212086435145203;-81.41039014310687,57.43692564512912,19.978139352458175;32.02523653895861,-59.48771637823697,15.873867789949195;-25.733978711759093,86.57452227412242,-0.3145600928784553"
Layer 10,#6BD0D1,"61.360428263030286,1.7331752144340413,9.42770174090558;75.09519442304736,90.83403932217294,7.756966020934772;-19.081477576784394,84.56304175498715,7.6546762222845075;-64.55891712109894,73.04523006720856,6.809015201553848;-9.472566621365502,68.08127272489304,9.068879473862179;94.10473346216963,-3.8924928135053136,10.810449342608095;-73.89600615914834,54.025606867584344,17.37345797338793;-44.067114821991886,83.04266664245816,-8.419338583640705;54.488808029148885,-97.27528661013997,-5.025815545264708;13.881904936079295,24.14256053091978,-7.18383863229246;75.67005535976836,66.51627086818249,3.379494076565855;-24.339555030864247,-4.3680457452417585,-8.496569733816216;-64.47212794773341,-36.6495050626783,-6.221591052827657;69.65934545726756,-74.27375151006886,9.196152242720764;-72.0008355984877,54.72837360582491,17.90365393466517;-79.34035622458694,-28.58720910981269,-0.0664689762980224;8.877945370973421,-73.30199418034877,-2.725102186646305;-41.17072130078963,44.93490005052561,-5.019185899022417;99.24373463621163,-88.29551851138952,15.579534710487142;8.453075469396765,-99.871814843429,-7.992870589845502;-65.1870365590347,64.12912228934258,11.857173513384303;98.5259496414244,-30.059873602558824,16.689906019366735"
Layer 11,#48D00F,"-19.67093536294044,-59.894745463401954,-2.0614291999910606;5.499629638474602,-3.44072669803991,3.917032685251602;0.8037811713620471,44.23774185710255,-9.25150140064851;-3.7437307087585054,-49.536474736810675,-7.847678536490858;-8.897217652945443,39.91202112700458,5.5912628343182345;-47.92199810657712,-75.28975736907987,8.916921469859275;-92.2639360209367,46.679976195112516,2.2825813258499927;-96.53552384025565,7.966938529745377,-3.6004274584056555;65.71850859842985,77.63494522925822,2.325113253080458;47.71274807771047,44.140536340273684,4.560515447209234;14.82610967334223,40.59732785660381,-9.879475189147984;-36.58031739599899,18.478209505066573,-6.79371934151167;-22.994312762425267,-7.144815976733753,17.758781206616224;-40.67307169088064,58.2290133320725,-8.197971655973898;-44.44757470226207,-80.11941370100959,4.457297388611167;2.0456525612654843,-49.80478543167178,11.901063608951596;-90.0430555496441,-89.31408062871026,-1.9545636689390484;-71.53582596301064,10.10729281844263,17.381875364472283;7.239129667271385,63.12037670018654,9.915843190940205;74.45837356283337,-30.853083347767893,10.03304629887084;-91.94622775954167,74.1755707077294,-0.9389904024121716;-25.29414962322194,-43.8019801082479,4.598950146789289;20.912140794116794,70.6653421622648,-4.153345976497167;89.89441747130795,-52.41485203261068,3.6017886587898715;-24.250241334155234,68.90567375606156,10.045953258996967;-15.97016791414562,-93.85049063414948,-1.8237548294428159;36.68501362832828,-83.980701021544,-0.14070748083580575;-7.135444167474091,-5.697392867008162,7.4330267704244015;97.58250548515772,8.472635104789632,-8.163831339110361;63.174468453627696,31.598688730840735,17.66380364995799;45.70441800379078,13.619343399729928,-8.171608309316646;-8.727023108075883,4.784345262302324,15.500839369494045;-84.5873313179188,-44.68598018632884,-8.6019787195067;-76.57258144380394,-87.48411510634767,3.327044340732474;99.7199118090328,61.81695497081128,-7.352916600644649;76.38810973376283,-44.511235672273514,4.137623763570481;91.30154387943858,19.812793064013192,-7.44292980317832;-4.769466409466247,38.775460817166504,12.961227663509291;-38.690671782955405,-66.97397333907408,12.947496716955104;5.535611390883929,-1.183363554695859,8.522018364640399;-34.796568600049696,63.300400580056504,1.0819119871607903;18.77295885722478,-37.33139558029304,-4.448815287655551;-94.00938319409313,25.441219274244574,16.538578101649627;-37.16865390569748,-58.95289063739789,5.208626447145232;-22.43500540121282,44.455816783372256,4.077526829289532;25.101122451574824,57.71198706458662,-1.0599688773645877;60.58085767650664,-98.29347828839023,14.435055960103849;45.96301955160794,48.62637823278146,7.648414941603782;-54.364433559724944,0.1889188968569755,15.809621743658365;-45.67624867322112,11.90267055071817,-0.5345651376227867"
Layer 12,#A512AA,"72.11009724745571,49.662555754822705,18.484379215906458;44.46375034501537,-17.34773677310264,11.304787596797684;-68.77842817397551,56.34202869573687,-3.6583856181316303;-92.30298799115668,3.254556276168543,18.466734371820262;-2.489068727250043,49.58261799107291,11.933676839855835;21.607306845917222,-42.02501676251059,-3.659602759901249;29.481164306509015,39.52432686025813,-6.218388203280484;79.86686444243591,-35.27723021274707,-2.313304990652578;59.10941572419267,-44.050423185563474,10.562822956093349;73.20028241915807,-56.46546560045541,-3.7518529519310526;0.3022630847168273,-4.021371817159263,-3.012920797188846;10.727438382697258,-39.38310963347707,1.001381076477756;-44.0632411945573,86.4320499793161,-7.413973332799024;-71.42281635931997,4.303208115189236,-9.052749352473763;-15.51078672339095,11.549728534105867,14.188183459403803;84.10757859394815,-53.060218952894445,-1.1516347309099118;5.853936990329643,-15.234595904457763,2.8292054709687946;76.0554622578174,93.44956464753668,7.079418019108257;46.930362463629024,77.98466545926166,4.600945525696327;-59.742444964120075,-69.76845430506997,19.22062283429772;14.726447832218653,-93.78248373271663,6.921763329124801;-46.35250587091065,65.35333115985242,-0.6431173133688546;-53.81407996536852,86.92343778667549,15.278142205433156;76.37646800081131,-85.32650792705718,-4.564358440038495;-22.421409891414584,-66.60418350000015,8.392468908155706;67.11443439705653,-53.541729186455356,6.891918817308039;-3.19372344797776,-34.34415935397131,15.676210011544512;6.531686088768566,-63.40509440547412,2.5922362736178197;77.47212199344386,34.05107650338479,5.470332029295863;-78.91986967918311,25.19770400120963,7.5593667981537"
Layer 13,#5C6570,"-82.0522759489298,-11.6927451650364,-4.726332509457528;54.55183297984564,-95.48191511119084,18.437755163793376;-37.69965552719426,41.81397299463478,-8.922801916394286;-39.3417049635094,-46.550641087703845,14.425295084796112;11.192839943968721,-63.72460652327775,16.98101784115463;-5.2419479964030415,54.16137664926998,2.961826694837093;-61.0273261041148,26.35005970659283,17.892850893520567;60.460131286821024,-49.172135930802945,14.314792707051332;-41.142656549486325,-38.41551547214544,-4.859855167551817;92.11193740588266,33.13817956558486,9.611744245339114;-23.72962412111275,-15.24417158267137,8.806324061140042;26.72957669471967,32.38746377145483,0.8831624056602099;38.18471860730307,34.48750913991708,-3.876052838504825;26.18241239184198,-36.25932284262079,18.970973384199436;-28.465830908746682,-31.466003042046495,14.599987462439906;-83.76703321751523,98.77298722560829,10.81889393941842;-98.44014786562667,63.018506809304114,9.661976080204326;20.447454154078656,87.31935012130327,-7.2860311546792085;73.82997058675906,65.99895362734603,0.6896369973072396;-84.20780166671133,89.53706339162571,7.759631543238232;33.41039721780916,32.62317730486953,12.337364847534982;57.70788255747968,-48.55768619628125,9.968534505721554;76.8010111437707,-83.85866097784542,-1.5508057664768842;-58.1844908293148,6.7216867794185475,4.205661093976339;-9.79334787065251,-72.12728756835331,-8.057855561346962;56.34833522035564,-30.274966724097993,15.987115410815008;-42.026375780304974,49.01773933580458,11.675227149470384;-63.73066914447539,41.13179108169152,5.2050280755700165;-60.775388101564054,-54.37173427270426,12.016534732956927;-63.80578450359077,30.064022522500125,14.43771419697035;66.21374323699621,-13.132306242517686,-4.272035383643458;44.8105990380773,25.733257294325355,-6.680942578394208;-77.68654121472859,-95.45133890622157,12.524415116255653;-66.47606055263759,64.15061405029587,3.546915476844662"
Layer 14,#31E7C8,"-75.20915578891513,4.980612798252238,-9.97395125252516;73.7080467034045,-91.89262714735298,2.87866531569556;16.425802700654117,-6.454000180763515,-5.721969911522914;61.01401634338214,-19.49174790837563,12.733003050056794;14.181712745565264,-75.05702352278209,-5.610348563258553;17.59589966453413,-88.99056597982405,9.69241748705796;-77.6520647826374,16.31956593104114,6.76121316553667;46.634231134006,-68.09399542727394,7.091387435919021;-51.33425756239388,-30.990611174885686,0.9810694083829539;-8.277737742778314,-4.961962687841634,2.440993514813817;25.151261660097376,-97.97491053722047,-3.9921793397075183;45.35038729281976,86.46720011870872,1.1115007603771154;-14.392511737679143,-46.50624705201934,-7.1954233904539855;-60.57201773731443,-39.50522682130047,7.653069349701347;36.59654353103292,-10.246408693488377,16.273423270206923;-66.8187005234301,73.54089954287963,4.283975328730648;85.55780270164439,-76.78371055932395,13.131426709561307;72.8321214994593,-82.4992770045755,-0.7211764748085869;32.39515683278515,34.70741939476292,-0.10681921536128236;-18.276560128198426,23.913587897351746,-6.169201812304389"
Layer 15,#865058,"-71.10344765229155,6.075193636831457,4.975229923790913;78.31285325278037,-65.12461810715078,19.43172553134891;18.14513660394556,30.12534560465201,12.724475942082272;11.08528862845354,-9.01992252304106,11.241335305774442;-72.58665334852122,18.256723713949384,5.184353058907259;44.10600437196135,-34.18369134281359,0.19164786036775894;17.927841450540683,11.929946089785375,-2.479680266088134;76.30387948241443,-30.900224655027728,-6.18130330126922;71.21449625590364,84.75339278710075,3.6000191834835658;12.938187083285683,67.38956501895959,15.139648688690997;70.87169079731046,47.35676624642386,2.5169301732971494;-82.65630432288202,-44.4476912701749,15.206372100408121;-18.333978843229133,-86.84280082313624,12.116673226617774;-54.762579110786625,-79.61025953627065,3.7709255756956193;94.45908192309946,-1.2687331646010875,13.80404751299887;-17.414676686006985,-23.08577745168303,-0.6189712769550297;12.20124220284309,-87.0329964792028,16.934467711733102;-98.6724539907121,27.646514003977387,5.514606719665002;-80.43782300910952,-92.56471797905519,15.740255062887652;98.21143496339764,9.698766931565956,10.307974013667739;-26.223326750246144,54.16195739701567,-7.843842147167159;43.7455020408342,28.757139414504735,-6.215135775933373;-88.59091535971214,83.94476215677798,2.9223701094226016;41.18054030164427,5.809737485447712,-2.7374049246457464;-14.742440084128887,9.54443424153662,-9.97474840935374;-99.96430747263676,2.0225394305124382,17.5116477887335;31.10417915944072,-28.67586123112467,10.844636920213397;-93.31719467623314,78.1019198655539,5.205503980981929;68.18495581333406,-92.24024956729555,-8.677164326492472;43.04660782386054,-2.335115782239342,11.62457362828215;-71.12958086168132,-38.21552982617805,2.2901411595412373;1.375289432981475,98.4493471466298,8.109454931389429;70.43007859155654,37.45460573894917,5.451384871746514;-27.848027210545098,-96.33490678290136,-7.06221469107143;60.50829529001868,-22.975780333855212,-6.861030024905887"
Layer 16,#C36DFB,"60.712988561999566,46.89531610589984,-5.3842495200572635;48.81127218727363,-88.69471445889974,-6.172320242961737;-88.9220959970141,-61.57716958750691,-7.09866099420419;-75.51914003473192,10.30902806226689,16.607565747463784;69.8977325480787,68.72661178945313,9.400541743990619;41.164082324880354,41.71472682268907,9.223244730219356;-42.45836670569488,77.20247898998514,0.872599285407043;66.25222368722822,-29.44181688053645,-8.449067879853722;87.07149866946,-76.15157594801971,2.4863160521056464;92.16192884225714,-74.17839677361226,11.584310712337107;-31.657174913050426,-20.062384612384918,-3.8540861402721314;-20.132855163811826,0.7563366955341735,-7.225303255021579;11.275006173640037,-63.728088182732314,2.6660241760149432;77.43428975478892,52.8305629828389,4.456537806878394;-98.80772502275725,77.74774895226102,-8.78481405631362;30.17818884481298,-46.9506298205767,-6.084531095417875;60.85216708567262,98.05108255734822,12.179548286658637;41.57995577077645,5.400882601451983,5.6493435481714105;90.0399470443297,17.15594128645577,-8.449738211966533;49.150969867812705,-1.6349682941835226,9.68779130842951;37.82540567789846,41.09143580020137,8.748023094653448;-21.490538451569634,45.60293533348417,10.485666898276495;-51.321969933018195,-7.856180629857747,-3.9327757134949453;40.49210677576065,16.01352181073733,15.91580061024591;80.11019008706248,-24.588617347232613,-2.183342515133109;-15.788291254903996,34.65128558241173,7.604640353799244;-31.326085979475977,-49.38375111321859,18.72785244090108;-19.503884649197474,76.84421352262083,15.97260596314312;36.48149307760016,-1.581838833555537,17.118718320661237;-21.063502510873604,-44.373312273970974,-8.309439373204478;99.77600195701251,-63.794064851045896,1.1170702576805311;28.461970366209982,74.91696349980387,13.59942416300747;29.024296404687533,-30.771606644960215,-2.158026029207818;-91.0080116098467,-86.20583820413978,6.250953224018897;-35.72932199136723,25.266165026691823,-3.0583881798754673;31.07358352919988,24.16645752160845,8.064628700210452;-2.4619405779129124,-20.434514463087154,13.119448067957148;-55.14383861609867,39.72400182959993,17.38266045083621;-22.062861429386047,12.99587917679797,-7.297470427342964;92.99615380607551,0.6894515639693424,-3.952022105553972;-30.48680762861447,69.26141941124749,5.958937519142916;-21.592519734537888,10.578689022544268,-2.1910422366011018;86.82827583685074,-29.16562629074153,18.362742029059504;-98.20360297633668,46.11282645311263,-1.9702466410628556;-76.88803796413944,64.52896486982178,-5.679161677068082;-20.451920468392586,55.65621559424429,11.1481230496289;-37.40056483109655,74.14210037507979,4.9174442646159005;-80.74113935685413,57.175584303445646,-6.404026366394243;90.93968825033085,48.43401789113767,13.966749444200236;45.504583005571305,79.37791344771995,10.386697796035353"
Layer 17,#8CDEC7,"-60.87432929446502,-21.319167457049403,-0.4260575556815809;53.08318236175057,-70.05394720276307,11.610809524260095;10.119367493413364,82.89278414374249,3.339228056200964;-83.03171134083533,-41.89673294260013,11.389478289862357;80.86255382549382,30.615269822624384,14.683724506154135;-52.96355250855748,-20.213880285761633,-5.80834671584319;25.064427914843222,-88.18862839711542,-7.481102250566984;82.137855049183,68.05124233435743,2.5252408594545166;97.82346277301019,-30.52155135292682,-4.060031327352932;-91.46927670852322,-33.66982521461631,-4.576790063333672;-21.47267517454476,-83.31229974577457,18.920534956267264;-38.92407108026526,-33.72227246071742,16.349193142623196;-43.534675347439915,90.32506105342006,7.549082745107508;0.5212176082477953,-0.0019825925754588525,12.51807344360672;-38.673883885623525,-22.708710241766042,-4.8204986900995515;20.222760232359377,-71.2310763672424,3.3345943441643904;-87.99614088387821,-93.25983055217782,12.929534497649179;84.83983991854791,-30.262098820757657,14.104399463838977;-17.089561665479877,55.994188784427536,10.939750466845485;22.504931347315292,51.95341190604864,5.572218855360562;11.596920976801243,-60.137439685910444,18.062700897617457;65.03891424309941,0.36504979676975324,15.9640488146404"
Layer 18,#70B913,"53.75546023254057,97.5499055808859,18.919832965173583;28.71195298963326,-59.250326903445085,11.183828219835576;67.02315796366358,-10.0795090790281,8.515771352063993;-95.37738969920171,-8.18956532242764,16.561944892086494;-23.90724563831965,-88.64290889409938,-9.734307347919644;-69.761381140535,-69.4063033777175,14.644667145261003;-64.87821455388087,-61.327636387742665,3.2550721611250975;87.40025221474173,-88.40225554815686,-4.519356133000413;17.235864040442053,43.25506370951001,8.353265861794586;82.24357927393348,-11.51591520345454,-6.1750330658874955;-18.61235965628427,-98.99582228727577,7.735655809920473;-30.82315172033165,16.801938209403914,5.220620128431339;-60.226676702523804,-79.08044656135841,5.120715027899326;-80.9153511334685,65.98386372826039,6.411730746233314;96.2972365408574,-77.23743151644604,2.0342996911440583;-73.699293569494,8.571365181558818,5.736746084160741;-65.68458389934943,47.69151007086049,10.382105733652704;-60.89431975944429,-19.89402428101063,-1.6598693907507815;16.008506364725406,-48.62409324214697,16.3888251556384;-25.921035911468437,24.01843791685029,9.582568389397522;-89.26584685680328,11.750926408852791,10.047409934362989;82.97664667387156,-97.31030536144311,19.627105696236132;-1.9087939313754418,-8.098312156408596,8.600216181062446;64.95643049356855,46.72192033365846,-6.426908588304487;-35.81257318553111,-56.20991387560673,-0.010422068541169338;66.34756329945318,63.87077861530983,10.819749623105473;-22.42172005373442,95.23462811725085,5.87802160882152;-12.90766860595005,-60.55833302340935,17.975261372294856"
Layer 19,#2813EB,"-5.484859876011782,12.239241764618825,-9.134596658003787;-55.80041574255724,56.86905016948876,17.70997633806554;28.129546450395225,80.69795002266736,-6.726189796997199;85.76119337490519,58.51568516940287,18.546145144054144;15.85876856640563,95.88182609745806,-8.841582700435344;62.72992521366456,-93.48247019369143,0.9219632016311134;-52.03244653175213,-69.32919281770893,-1.3382612687270132;-95.75775836196985,76.02822654446203,14.476970949466597;-35.7958349474947,50.37014358333772,14.370853301129095;-65.86127877906057,59.76743877924915,18.539397640085966;7.761254754705888,-62.39076991527449,12.062527335915174;11.521770616200328,95.5962308442613,-8.080458423775578;92.52086877775338,3.754229705525333,10.576050979058298;-56.0981365732779,-27.461785497446584,19.62052743394401;-29.710111431915976,22.08455592890853,-5.422862736990285;49.87084249925124,-7.528896431666624,-9.136740104702891;77.99696425576306,77.90888556555117,14.790470640505394;59.12704976553758,-67.84246955696348,-5.682024896867422;23.843272946778868,-66.59142022781802,6.878722615291981;-7.252188023122855,-96.99343663708935,-3.9705745317295076;56.7425851278104,-53.438814263142554,-7.824349543356199;-62.08162738457398,-57.453903441398765,10.9992085172482;-31.476696762923666,-99.5691511119344,-7.138236114442752;62.269021489895636,-44.9783364222981,-2.3285802076928546"
Layer 20,#A7D8D3,"93.34441420854589,-55.32531194296103,1.814063261258159;-58.525104994194734,-97.03713281884694,10.877427921027092;11.17630812115874,94.75343962996772,-5.801138592803049;-26.471203753772684,-27.80556625708155,-3.204105577235235;-64.50323257329782,32.04261148145014,-2.98917843246193;98.18403913671565,42.24582317458791,19.759603043545845;-76.34719244791488,-74.14934629503728,-9.898716733471858;89.1646022896496,45.39398495390401,7.93987408723903;87.26148229452983,-47.831507735741795,15.884491900365841;-14.666055306065942,-66.77690013658538,-1.5007534296921428;-61.41960413477657,-2.5746985686829476,-3.3378354346622228;16.436659742207326,-23.71891131067676,-2.230831436587839;23.913347127863545,66.41602268112706,17.319356452510778;25.611287983910856,-35.38640552322428,11.520691553225937;17.056443487390098,-47.31882372374619,5.893345409044013;45.66670914012877,-99.43467199955509,19.88176084604666;7.179905555088865,83.00852626515791,-4.324425293388437;80.50709305946438,76.11026807884977,4.122709927485905;59.36223523194988,70.48282609858671,17.912616621421847;-11.941309405677075,-26.38248474042227,14.975599153587645;-83.33926749224108,70.03894586681861,16.16851687275015;33.3565084911676,26.065459574594556,1.6367487426139693;8.46919179986169,85.05772589579658,-9.414287723354454;-80.70125954998478,-73.17488235395584,-8.342823289752108;-79.63045350489408,-47.62039914103074,2.6278887208829627;-0.12711908970641161,-71.97057626386177,-2.2330076971820727;-86.86022203595698,71.09174061032499,19.704503565537614;-10.861851560685011,37.26361224953365,10.304997771953179;2.8116453178783445,11.998565839261246,4.223174029220857;-9.218482130329221,84.84772786620593,10.232864171423934;55.37909313781401,-20.86435186358429,-7.461675918941037;-67.55120974360634,-69.81919678051946,11.702295289759398;4.035140693790041,53.031038235076096,-8.598941828688167;-8.820851120832586,87.0799415767797,3.7833598145030027;-19.361649490910636,21.68097305745816,-5.031145037714545;79.82726815107154,0.689888290915988,-8.538410452659122;-6.500157043433333,93.3784712279242,0.21333146039674666"
Layer 21,#3C4D7F,"57.341243342117394,-47.12679484189913,7.4293855136018365;-76.377435336823,-15.007851990011616,9.851595124937415;-48.594111492127986,-30.991609223511745,-2.045120560436369;-50.150318717017434,-93.56452940143076,-8.106435143126047;-9.58526082827295,46.90300959985487,-9.76055189948719;-82.79344653332478,29.28791487552641,19.904780662409156;-36.27054058156023,67.71069883153959,10.425368537489899;-28.37419726432458,53.249268169684484,-7.793825932866356;-38.56720827566396,4.280678245987559,-3.8739659543444525;76.14365878172765,-94.94392250668002,5.182736223827826;-42.20724238276222,-1.0500816820264873,1.9649061511113644;81.90324898864364,-90.8503230402414,13.701753788501676;-37.77252827332645,88.20290777838832,5.7827679145852375;-90.64851569803398,83.442558985989,3.212591214810322;78.3513992586762,-14.784371572078186,5.602673869795709;-8.894584281901146,-29.004235539868816,17.21059044190349;-18.04124402731759,-88.69011693282087,18.84473817600453;27.25876667192506,93.0059420480753,4.1436166711391245;63.6801046416339,58.28844635427711,2.4796066297441985;-39.822913186097104,12.98635547856776,2.02525426773226;79.72758015130896,59.86774150542624,-3.963522818799963;-26.9799361038871,-53.50519359871585,8.402823206951336;-48.20779640336207,89.26873122803013,-2.328896982245423;68.30067078813406,55.53255104143187,10.00563323403335;1.726352829342332,-81.38639710306865,7.545585261631043;47.27668748676504,-30.946616965348312,14.872493178162898;19.161111937957187,-79.01985095067151,-2.9150919361454823;-87.7935283379617,-10.349542608222492,12.348757144400484;-95.05798831771952,27.955656874842646,12.581588382050398;-24.82617818307118,33.00234382835666,1.2595394293508626;-29.663728518820577,45.141204087117444,4.619619659995754;68.93227873042406,-37.51568431218518,8.816420155057838;79.60728568735806,-20.349452071153507,4.144450860661683;-38.149771023076426,49.19658863991944,-9.246306189276083;63.88480086802383,-32.362862698251135,-6.403392334499784;-68.84794515065633,-46.43600818386638,8.015259276802201;56.85241008930896,-82.50621158452755,-2.8125923933068657;-51.61273459459882,-89.7049228322739,17.59170720834487;29.16463933316024,-63.3199987973223,3.931639136754283;-74.86401292052707,66.91183642188113,0.468616049670052;9.275499026514197,97.69531031438012,-5.30975899587037;92.14308619661114,29.323248885188804,9.71567745746659;-72.88809789583074,21.040935374901878,-6.795100386421355;70.48030454760914,-10.82643658293334,5.71149883915796;-5.5714090295076915,20.13353600062952,-8.369618619489913;-86.69609573875236,49.468952567104736,8.45268922034911;-63.88123324353757,-29.254837526584268,-0.09335054027078016;2.761446014473975,82.430731113586,12.1924746145928"
Layer 22,#F5B8DD,"-47.55783701759618,-50.245283721880384,1.0184585697355129;-23.24846932508582,24.585039415144024,-8.125623425458057;-95.87848495245956,-77.65144632021105,-2.6153303034396718;27.360834301400544,46.88438156645725,0.2714859048904881;-8.255156931926976,-69.3279272831488,-8.442048858540765;61.974163673100776,14.632464953855333,17.69471175110997;59.539700272883294,-44.26115999987548,9.417223175460489;-46.64284330025391,-93.5901449008294,7.141346719799625;-29.934347472414544,-76.37118564429896,-4.858082767047681;37.3533119642631,65.69454911000662,-5.915447641761634;-97.99364058309443,-0.06460444314623714,14.33968932414371;-34.85170031564999,34.4152206244793,-5.134776159683466;6.336255846050847,-47.50910363711144,-1.0900573207542568;-29.16012793646476,2.73375405525627,1.7464282228666086;45.998808404529655,68.49228488450248,-3.8977607472276574;-41.88249079907112,44.27560606520822,10.92406289057065;8.846234785644867,70.44130936661054,7.247402156638628;-38.866860962889746,-72.57173018955551,18.18987099738241;17.411144660900774,-21.12315617244225,4.129967181184661;15.011251931192632,21.689022872355622,-1.4227918771479846"
Layer 23,#AD0CD0,"79.90729779323948,40.81853490962453,-0.4029000727392553;-89.6108860022427,72.98747368939274,0.2551839210457718;-93.03666785522049,-18.9304555489404,19.996348018125346;-1.0173029455264668,-15.73146560693425,-0.30060289931324036;85.5380859378736,-35.866165399002924,3.164188675323338;-10.139923652550678,3.5742124599172485,-0.1331994861528223;50.01322385426312,82.28091736020332,5.160376792658541;35.048907275377815,-4.3328891367692535,-7.054288613780425;94.35115721939172,-82.43919808087011,2.426213223946906;91.09399968489407,-10.820481938582446,0.9146713997692402;-90.19505046053186,-90.37411856094062,17.430696424368822;-28.239100160105068,26.90369715052897,2.967267356024239;-99.37896520851135,3.236536231580075,5.46921081922908;68.05234211446853,99.2814057949553,-2.576673167425672;83.09222924058696,-11.711416674328817,18.96726836412138;-23.26533403627849,59.77415600286545,-8.55660387950412;-83.74447178123287,-69.06613630537146,18.95463800885629;-64.61337399634431,17.00175050325535,3.959128789398358;-99.60669661752104,98.98875035133821,15.20571744586615;5.621656627310031,-52.21876050673563,16.580063268713257;-40.55365592589058,68.88751118275533,-1.0137318430469584;-75.55746232378685,-58.53320158916885,-8.143570396094281;10.07203929395287,-10.231728125748745,19.443580848282195;-7.406187055631378,-89.43145088166332,11.70872083738536;-41.19011470040766,63.723358455832226,-9.379558120401223;86.85285398820434,-33.82274494558571,15.71281396819013;-13.808465153610712,6.115325393889549,-0.36432176432032826;2.672326401885641,-35.64966723022576,-3.3163415304314707;-90.64132588421754,-87.48493939484997,3.64044560529978;-81.27865030578509,-47.89754588345015,14.055564860147605;-74.56758366933913,91.26636045807845,12.06408564724994;-93.65526844588831,68.67624983874046,5.636854814603263;-49.96566544842403,-28.902482570942496,1.5168950250209043;-8.413560860866525,48.97275899355242,-1.1719651024484552;81.92283734813645,59.11814839404781,11.696933843169568;41.09429239054623,-89.55261898400373,11.76391896570745;-26.626723888749765,82.59282588100353,17.85596222353668;58.70376488074851,-5.221819416363715,8.390197645490638;-35.60179241260751,-87.32489567018442,3.3566556557745244;-77.68408250124756,66.72061342799861,15.224589718241504;86.21904631122194,-13.357283418088542,2.215548110580693;48.792004053865355,88.13196346143678,16.44691332236273;-63.10724593416518,-87.62715109748268,3.661438371421541;-81.81359265742695,95.17676164410543,1.2837300244577836;-3.7048861375573665,79.80310104760298,8.355401730381015"
Layer 24,#6FF800,"-52.31064271852651,43.33173696812412,13.500025441410973;-5.095794190425295,-75.494106485367,17.439218009193112;-24.76588707679113,-35.69228657540327,0.7766106060794407;-28.433505375787078,60.480626748877825,16.98619907969157;46.54295227317374,59.547785931310756,-4.062452643079811;-95.62007854951338,72.7119992232276,-7.630431116493878;-37.738993294631555,-11.166100248474123,-2.9024501595149452;-32.21388328425918,83.23686061129001,-7.5915354191918745;32.05006393808145,0.7657236001782906,-7.6756232453300335;92.80944366738919,-93.54918567295466,-3.2057898597249332;-33.80285106411043,-64.85455642119818,2.1476644941304244;-62.63026225286023,-67.66536763257344,16.571034473408638;14.3294890140983,39.42507292821733,-5.508833562134837;12.387510650754521,18.129920000859272,0.5437692108056176;59.38504611412466,45.442960678031994,-5.7479583794006075;-44.08654977499958,63.30984364921761,3.3312713619428163;-71.65989881909151,-84.75133905005201,5.673725878841225;91.46558455355006,42.871411546345996,4.569963322933781;-44.93846241792701,51.83644268478358,5.137018284358197;-13.008129943700126,-73.52093753315961,6.579020439042775;-68.55495201889585,35.699313529180046,-4.836476290015143;90.63062829643283,86.76729555150095,11.456265739268922;17.329644560174657,62.15826668032318,-8.95535663640385;-69.616681768467,-87.0193909741702,18.879617228584472;21.215418784716704,53.34731719189398,16.491394259965663;-8.229391010053149,-36.75434925471726,14.754719884965375;79.24050547719267,4.999285708578583,-0.09125720306411012;-8.368650445538847,99.11505086943811,-1.1007114153999016;-51.019792336941656,37.40318611203193,11.805851602017345;99.15094966953731,82.62802972039486,16.42747914094726;-97.6999109989055,-73.05951487031311,15.419746646129216;12.341641245144999,68.27663746140536,-0.01213757776104174;48.05621626338191,-30.33318936558949,6.32397906026095;77.22875439641436,-70.40156984401301,7.280252429084861;85.63701128485343,-24.368292889439246,13.874814456095713"
Layer 25,#542E9A,"21.949831930432353,64.40319482357211,12.512625684397555;5.5410065365287835,-85.3841032984239,8.299931187876016;-72.34945473924415,51.03707920660341,5.0430334042974945;-30.080641128094484,-50.83863934135223,16.03147050846072;-85.71677821877061,-6.874331868188946,-2.843634260688291;64.02217857061379,47.22579102723944,18.42412117535707;5.826635883309962,-36.83538550622065,-8.658185458568257;74.45735794228182,-68.51122747458435,8.881010590594965;-6.285689798868091,-65.71231621727318,7.881742008747839;-93.86206951470962,-93.6643225814446,4.875698011073066;39.238107602635836,-37.95828069418013,13.429568154928194;19.575648502767905,25.638549474043415,11.739727473548516;3.7571217265891192,-25.259701532323376,15.169258922358427;-74.65347678489701,-17.579949385769098,-5.355905694308488;-71.9289836295375,-9.242106254356372,-4.563030758168264;4.215845581706716,4.354735306640819,5.605790083633435;80.83934515378294,72.62896714771011,6.595601427260874;-81.60296161529024,-66.8062060574579,8.135288744574837;57.14665481933787,-13.21000659274543,-4.344412377945546;26.49496076899446,54.93729595845136,16.325806460068883;-52.59657413127313,-99.6077457170248,-1.7503679798858958;-23.71721758555158,58.94594740789708,-0.573036774715403;-99.08653495316364,-63.92017579674007,5.807968228537101;46.2309806575814,15.3137362274326,18.336581153371423;-16.758315262539796,60.58307050258037,15.969711109563711;27.19922712494278,-41.49555714043614,16.606170177189668;8.223428077429404,13.05385361581125,1.523946868478264;-98.56829663384019,-55.42333362777513,13.146298284464642;-96.26287928710657,-12.19241329003259,0.3827117307847061;-91.65158068846493,27.760279462255653,-3.1933929818604883;60.90948203209115,64.76024879937432,8.231461952409433;-42.98700024802671,40.34488490808977,13.106719793507402"
Layer 26,#98CB9A,"4.833953335878846,87.90637566209841,17.797630506222994;-31.051957360781458,-69.06243015635546,-0.2952727821072436;63.88593035148591,-87.67885110520206,-4.808603161472159;90.59250300392316,74.13525968901706,5.861135825438218;-29.972414468770637,-51.864002396255444,4.92474134430323;45.18602474478732,-48.45130832700313,8.226832020713594;-22.587641329872568,25.43928548335964,12.991752715577281;34.57773885739013,-86.9076157418418,11.412832840017597;-19.84938610659566,87.39643679873134,-2.1416602428936553;-68.07717388431924,-1.2765473517484907,10.475533672867584;-53.696965842211625,-75.13186534633394,-8.872793157022192;-14.544567779645433,-4.132459830207907,-0.9229192998941933;51.527694051993876,-48.865751401251494,6.813970624815685;-71.88952700350727,-4.39105359322204,13.7158593532127;-10.904845708454019,-52.55636463246959,-0.3836926986176028;-50.67978155567613,-53.929149670778806,-1.7611107865405078;1.50601426354784,84.67465939804279,15.00466659892562;14.470317232904009,56.51643589563628,14.655901814898272;-17.473577450210357,97.49397342444374,1.4664169395338238;-28.140162072661056,76.8094999688438,5.211330209190178;5.788273703495221,29.093196823510056,-6.650945601165431;37.98858616958927,38.84408897740195,-3.7495293979177244;47.15819266943896,-25.47774732042336,1.0507259679012648;-72.92308825368846,4.710633288914664,6.012924621448697;21.774467068197097,10.832647443204763,5.718898630615804;34.60866751624425,-6.866662518126589,5.622740922342901;-58.24890561239447,-78.20175094950196,13.517580215421095;65.38825621291076,-61.79627502474568,17.221718954382176;68.40429753561517,64.63814767139593,-1.9451716283983398;-81.45930899007453,41.31391359198514,10.51027034233067;88.35265051149568,55.389141823077466,1.9504908558286562;-84.28906345226842,90.75816056518781,-4.94003145992724"
Layer 27,#EA9C6D,"-23.04048861382182,55.63044256416947,-6.198128025452604;59.464173738816186,-27.179672987889276,5.9627248819405505;-58.85509055746135,6.245189526867037,-5.172766604122493;94.57527890341237,-50.50927154598129,-2.7514117213422233;94.67145255977593,-73.5698438737729,-2.2236180341856704;-74.9834144955213,88.76054346134237,-7.751015416321853;16.4135809683104,-48.34245314905348,16.87778886417049;95.59620820885027,11.838395799730009,14.684421967485957;14.177069824088605,-41.317338083757775,-7.74914381386246;10.810000723966155,-80.7815080460656,-1.5005985258632002;12.275850165988388,29.610346667130585,-0.04181502904857304;8.312701586878234,39.67129062818566,2.7584836069216987;73.55610642685812,40.1830550119104,17.892443827897186;87.56277269022968,-93.54749423005212,-4.019186591062246;71.12636774648408,17.948517605441552,-1.4978427660881373;-39.202102292603705,95.63382303223116,18.28332989075976;59.00464520869471,-0.0876138741185315,17.279434172099094;1.7408201080717731,-6.490130555122306,-6.610892528236611;49.81565008395708,-9.6206517581834,-6.452526557056235;84.69793274610882,14.848045682957107,6.370447354906357;1.8360351974583011,1.700436918031997,0.9399435753316254;-33.85341553406141,2.675980019776631,19.99214359399072;-56.99966910257047,-88.85956367492213,-6.063384269233939;90.10981524295849,45.208585710304845,9.46981183038491;-40.362299329176906,-51.232407698749,5.642654790685878;-98.41487386851719,26.660214506496246,-7.908389322358541;2.522651284909685,-89.88187760929253,-5.303421284218547;67.00561306437237,-16.496242044007772,1.6342656163319962;15.924333360761437,82.98455157616198,16.566574210089076;56.077452959238485,-79.97826743690739,4.994498889542294;61.45421230808964,70.42513528838458,11.093153214755784;56.52068921607466,-57.57328783979999,6.708469360468445;-24.207640884880604,66.57691947831904,16.339251770304347;-12.007235376462262,-75.4808125642818,1.5013846153945085;95.7938185744919,43.52761267911441,-3.3255144953653453;90.34253620212587,9.706580410583214,5.9408340257863745;96.0053638618788,-59.828308922526254,0.7017593219028377"
Layer 28,#D213FB,"59.36727268986073,38.491229324923324,12.783623627970037;-87.06445987492262,-81.78890915093521,17.15268944788749;34.24206797669535,-13.867110350126424,15.352083151912339;16.313829349064108,-70.50068653232886,10.62293487557713;-68.24224491564074,47.55933895479001,-9.038623910666203;86.14135536965472,-23.783162912934912,-9.072672173727574;71.27294867757243,4.268331786983239,3.137949122362425;-61.26772624923959,-65.27992522790316,3.9666659532012343;76.70202776906777,80.0786316850724,2.3308842757562758;94.28635948232139,35.06611264636342,-2.351324137417728;-83.9212204132734,-81.11753955470381,7.343239247571422;91.2044972802475,12.778427504366078,15.203870381429084;3.18153380321732,58.641557418017555,2.2243512706430284;-46.96346441859312,-16.253913676168324,11.088938907847972;38.62088474361815,10.736808459504957,11.161030954531924;-24.83856379142469,-24.784526550426662,-2.6812657797961768;57.10988974216599,-16.042188985500275,-0.43428302815587116;-41.98188562322532,-67.62626415673492,3.838948882358638;-49.62655330949988,-6.494590637134863,17.25932381266904;79.12199478969086,-70.49037556107821,4.298653166576052;-31.714492317751763,97.82064151831796,19.342922912243946"
Layer 29,#ABA24A,"97.62067126733066,1.7987761792760466,-1.718279049007032;-33.24515877231214,77.19993549634154,6.028428662071789;57.66029531914461,-50.284264764380715,-8.131546736322122;15.36876809993187,60.083739246659206,14.645630044639297;8.36891148718098,-9.83318452941215,-5.7660163091706;0.8880477529192916,74.41237355693437,-6.077696098924614;85.80511769504497,-61.72871789084081,-6.174851936403431;17.5339949541184,35.40483514873833,7.772465832575794;38.237620065136554,56.40018135271799,2.3001951355117303;-57.3969627266324,-82.5506352321271,12.581676371853384;29.852986834324867,23.63732437027845,1.5049073333031053;46.73634878131128,7.949431166560828,19.10694858829328;6.110127929830952,-23.071545754759512,-6.38822903558744;-76.09368616983105,-69.90818222952248,15.411946096055562;-36.95744999071498,68.25000281437141,13.525196766425733;3.199770106345383,0.8395644566360687,6.441961239928538;-60.411064578345055,16.72918271051084,6.3199071060646865;93.69157547694257,44.71382772282922,-3.732319454016915;-63.84930673638988,43.26533541005682,11.203377685415777;-52.09099716908752,62.26372130262288,-8.929708726907165;49.93809847838881,82.87725329249929,-2.85320593577765;59.283371954756916,78.8057171113997,3.8112229957488477;30.754643853727345,26.702121306544,11.307932411180357;-42.844140972020725,-8.836174582186786,4.866772946698331;-66.74196970136722,3.1069551587348485,5.24017901386712;16.271540255026267,-49.03178014802746,1.9389841073177774;-89.57258881912611,-85.07939539711992,0.4564948210878548;-6.404642285600403,-8.928888321684994,8.276483556651403;76.46168126543995,-54.04018113729582,-1.6963042631535394;48.06127677032097,49.91384033373785,-6.546598947077888;-23.742657849622333,35.69138232318221,15.285845040904018;48.26587273151205,31.003658835331095,-2.2292819155219012;-75.52071485380387,-12.882938721065798,4.820578179718305;61.36314928281928,-42.614009537414596,7.635003572324276;-24.335742587236254,-39.14243127185955,-0.43197726699011696;20.54294362556911,87.30671718778132,5.030667751238923;22.33207900012907,-2.474009507501691,1.026760732403071;82.10397633032036,59.17778069541774,14.394967913107369;93.41275617312675,-1.9734995171508132,6.518946748222454;-90.19409183276794,95.87833077989757,-5.529872194799795;63.284906479947836,-9.07740741721652,15.542217145733943;13.591026821742773,30.4152352802962,-7.852117304551456;-95.57014489692585,62.811703276728394,-9.60852113405849;91.63126586824748,39.19479297646231,3.251770462118367"
Layer 30,#05FEE6,"94.90874793411461,-83.37723213472081,15.668941494087896;19.509797077740117,47.815459157488675,19.48182439961291;26.714186195609358,-55.54160639127551,-0.5805167253287404;-25.883547982717943,79.2383611141799,11.435931970930898;-34.60806280417755,-88.85371027546181,5.006703791145991;-12.612030210593005,16.320106408886204,3.618081872556683;81.52732379027526,-79.21816929867938,17.203509454125754;3.3609336462533435,-39.91879822413609,-8.81121721120083;72.2295780459647,-4.784628034158601,-8.788678285847448;98.23968303086639,-11.795949779328097,18.80753862788087;-82.28460506899475,12.550628189659236,8.498636493235143;90.70570148267367,94.98812754314906,-4.9528254631166355;-15.60499908029864,28.74159141434984,10.868775624367743;-69.03306458329789,9.871242903360752,3.589488414074463;-74.53733619153743,-49.00098615987004,-1.9648340183135016;-61.24000167155782,-66.77000274867873,-9.204553045680019;21.194793735342486,39.36696924308677,12.855660714775784;51.65980271997634,-93.01123360811418,1.5792527349542187;23.714247150747028,28.094929265462156,10.085013196721047;48.16599890043892,-89.25929910460218,-9.862325109356577;-55.29919387486889,57.81136019645655,15.652263944579499;-14.82994465447193,71.28130385721892,3.9160460585494903;-26.471135565094997,67.49706186873979,4.829416590026797;-31.344409083787397,90.79414777329973,5.37255016360046;42.43942898744058,80.56461531051329,-9.178500702722047;77.17014442684209,-88.67035373212899,18.155059762138343;-38.91765804534504,39.418481540148804,-3.838821312240902"
Layer 31,#76BC2A,"32.10303866077817,40.218447071653515,6.160617494517208;52.95305201500713,40.08774070174886,10.834747022651513;-16.7759283863101,-86.1376181207703,6.657674169594337;-45.135880692662084,16.214504999779976,-7.094688002769935;-33.99006099806081,54.05243327181043,-6.189492365711834;21.35149370168702,8.666380710358311,-2.799490483916707;-47.452471252812586,-85.72686830787548,-5.615114099678467;0.576644396803232,-66.46107748382701,7.424830560825573;-74.84874933626105,-11.138449253264298,-3.7599423914930883;-88.02641423027224,-10.873550178007221,-9.186043076664719;76.27117222462434,-13.33284447589753,-3.805184744164168;0.944105225282172,64.12920759431839,15.371978502197859;6.774552492170855,10.416104625931439,2.6932829712509747;-97.9405797083941,-61.31793703177289,18.65334926573619;45.26754638027427,55.16083675381563,12.231365144442204;-11.955920224701643,28.740329888182828,-2.0970877573084294;-61.18100756466739,30.01406483344067,18.29171324434893;-8.285983017349636,67.47400061121715,10.028810146020167;44.018553548384716,57.95919694030957,19.8764554789073;-74.52285654430088,47.64925386931816,-3.9052262360792005;97.10035275287223,40.4049002131253,-2.27555099128093;-83.2049291207669,20.32360738071442,2.1374372770579484;-89.59243641539686,22.84814870333588,19.071777420676238;51.822734735189556,-99.51751154230854,18.242663514696766;-94.19507563117007,-3.7226891178945465,-4.2126850359473975;-22.480610932614127,-14.057121483078006,11.904283410741826;12.220794690341677,59.256838094430265,13.78633021141022;-60.05817047160264,55.48516930086785,19.511456362266998;93.05894344968323,-53.711149798421275,-4.8180022188676865;-10.322610961920219,-92.48680019410966,4.238677899022971;-25.39099144352781,-31.102976961526423,16.999610197499447;82.08479141649039,-88.25952793399354,8.895829238351109;40.41647747181085,87.01796492763387,-2.853333992373731;49.63906256760703,34.83625139033802,2.9681171784911573;33.07708973027124,-5.134705702780465,19.72722866581061;-6.343575412482252,-8.830077049381188,8.290675354189787;-1.066219353564847,14.376914696184144,2.3947099876921207;-14.246606326907084,-96.3036550692332,-9.523506769654405;62.315476912631766,62.58708357035633,2.9512904139252836;-95.75963377679244,70.51016335128199,-0.6138868792964551;11.566987515341893,-64.10844261479485,19.99583931550635;-99.67982480765927,92.88722598432796,12.176348862941268;-79.35786947151352,42.17368204453294,6.386825206311489;62.4427982722938,52.16172970281568,0.8023624953694064;50.88162638466733,-43.001750934528786,12.26833929539022;-13.984441289666563,-94.52671214951742,6.118955175340176;-69.05226461352498,-78.41035082030356,14.809132264584562;-0.3904006996626066,60.071540867211525,2.3583237033975415;50.4689308734298,16.282374065276073,-6.6977253009484645;21.79060343642621,-15.317715758656831,-4.3125398098010574"
Layer 32,#F7A9A2,"-85.51426127070013,39.42115442662865,0.01049558459569333;-52.93869212076497,-17.648701102462297,-9.22577186666325;57.599042422807486,-50.40612516161741,-1.5443408160167387;57.87255488742153,-95.05206826720456,-4.689985088710494;54.22042048796567,-13.209525168755022,10.738346727502137;46.04338165190947,-35.4844336390981,16.194052505769964;-24.36608771984072,48.719146137900395,0.6419836859018044;67.98261742407169,-31.655332290188937,-7.607278414534617;97.26825618106602,37.46098101147237,-8.632099577599263;-94.18331164750704,32.720035909061664,-2.7182085379744567;-59.71765220246835,26.98933949790988,7.841843171306447;96.2588352442989,-50.4404726262185,-6.155517389566386;4.294252422180492,-3.347356834939376,19.06353972630438;38.03017140275594,-59.18473095785618,-1.8257295557707938;-54.87229938940165,-24.096993401507987,-7.192507197300015;-86.69170540640727,-93.03662211217679,1.7033103872630786;-27.516452988081426,-33.56773553829518,-7.594081547066871;53.27870205558102,-4.607315561171859,-8.71789640678365;-39.216413160341304,-88.13260727592365,-0.005916762273260545;58.037530674756255,-26.74156820281908,-7.055100949409029;44.77765658501238,-24.424267533076957,6.370739331513665;-88.14009921323564,-50.54483651567348,3.6975382851257006;-84.57505121348596,-15.427767123703546,2.8033901131693195"
Layer 33,#840B54,"-25.764644498348872,38.39330213135031,7.929298398273225;-4.777689912651141,-26.022570520915806,17.900144486941876;-27.139287463605143,-76.25616397109911,-8.984724476471952;-95.25557365600044,-72.05723131963965,18.334643793258007;-33.32622710909672,-36.33212450953665,-1.1513391463348217;-78.99088198655488,80.9383658561795,-8.766737513227438;37.28493809160298,-3.3040258358463035,19.97739573004665;-2.680074779892493,78.39534809421741,4.214857307123669;20.529281049920144,-49.29105524837041,15.879983943360163;92.85278904330357,-49.162886088987165,0.5431973938817336;-49.14386943304304,99.68905657791078,-8.09618482610357;58.2131641168549,-13.191296164120132,3.9989837593566033;-50.90187476830457,-57.50649935453621,11.990160674562855;34.14300234581236,77.55054232408321,7.789558899312233;40.50655856207422,-27.12845988089454,-8.729611707448933;16.322183144207386,50.62577840972145,16.897360961446154;93.08538197650111,-73.99806516537478,5.11898889890103;-17.762666134284515,-23.248188337308108,1.0462097577909883;41.48133499280044,-46.304285019977016,14.110937957884762;-24.56998930845586,23.660876173432698,-2.3348260229613143;-17.910598651507854,33.909567398395865,8.067420673222408;-90.97338579751653,0.6750050651191799,18.673933853538273;32.82309128931362,-70.74701715349372,-5.164409729493698;-82.08588391335726,8.63538097961171,18.86932816347586;-23.826534254531254,68.0999916476976,-1.1332800087034265;4.227206670794615,76.5307325459454,4.443445863406573;-21.7007001325656,24.98364898450339,-3.201136715711633;2.3639645334035606,-22.854844119398464,-1.9696909076242957;18.39698437383575,-47.44908413863612,-8.710689262278615;75.23708276424878,-75.86493571268872,7.224784218508656;-80.05340038343336,62.73938064612423,17.32632495007782;66.19016144017161,-30.766055889025154,-3.3379560169655518;79.18343522934688,9.76755436423987,17.52707102545988;38.69305489230564,-72.17804591803451,-6.489062919839971;-34.53015328314828,-65.53324602829801,17.550734564616896;80.08986818700367,-78.82040099365545,1.732151336348382;-68.91659346509192,30.396424817125904,19.864970103829055;-61.04796504635889,-53.284245518138896,12.595064828033824;7.778343306714433,92.74531646222601,17.17525888806613"
Layer 34,#9170E0,"-10.074125729081345,42.84115333392168,-7.278816208981741;3.9658381146417128,4.869183570907893,2.5061713600701054;61.80732776934596,-65.67149792673573,11.658581787237196;-20.961368758777056,-31.986772230212623,15.303689674978337;-49.04817705404117,58.16030489949915,9.316214407221072;-61.85444049771264,60.09797018364148,-6.338536196927322;53.08822444996477,31.653761099193332,8.227677116454363;18.406840137944286,-21.165271136500664,-2.3831957755654303;44.53466344765749,-1.371119481850755,13.499120964421827;70.75318041065609,8.33073124523581,-4.169065164678974;98.49049828530806,-93.03585400329055,18.08924016260284;26.759912641252,-73.29748321156319,-6.5215246785403576;-8.10300188916979,48.70879886967029,14.364652282241014;-21.817720210808233,16.026575776350285,8.14567514460943;74.4857722842552,5.807726586424025,-8.008373886986263;-71.40379418336623,-91.22241444690262,0.49309154333000293;6.733413862681317,78.95874459252809,10.196615912213137;-76.84773510545247,-62.419193409701975,8.149619202338961;-53.88543500024102,-92.21874938536429,4.176576074660929;-12.093195199816464,88.45896706638402,-6.807378799220409;44.43320081091099,-36.02274667711669,-5.470566968140655;33.24538772312209,40.149695872840454,14.632782139838927;21.608549840901233,-52.86385749661745,9.820663598953242;29.857101750868026,-86.52113072412808,19.700721962464765;-44.980807527213635,9.351658508728391,-2.319153067011923;-12.031655092536894,-78.89939511113843,2.533674889846383;-10.238837365997682,-88.3928838174561,0.6379725161835346;41.7834702849475,19.652191164883476,-9.633333379204595;74.18131473740743,-66.17537341470197,13.464866548561353;61.919922411255385,-92.87359642864112,-6.762198224814972;63.33981176775251,55.441664534337775,-2.893987510201746;1.8396554803960044,-35.457972815659105,-9.758714786635014;-12.759709373291386,5.188197520320145,14.0886566736034;88.14652009837963,-92.79876269615835,-0.7040717291868468;50.38130863913176,-17.42079617920973,4.6590228926350825;82.54213604501604,55.42485397188628,-2.160332623235857;31.706696455227274,-0.697026424007305,14.286663905057985;15.113562414775643,-73.5230993260569,-2.5000435504893863;-57.50602809826416,-11.308153918434328,19.645697058189057;39.103772445265236,83.28871178235642,18.431320598214043;53.68930752184124,76.19800048490583,6.8900457273680225;16.884143522649737,78.65179751789981,-5.528185352009266;-31.260175781868,-98.04707972373494,-3.0430211484584495;-36.47417691082173,40.37560777153871,-4.142662308693087;39.76207267359143,88.98952205312432,0.10900586919616373;-75.87997613915726,-50.19079327266075,4.072984132860304;-43.24157545246921,-75.97196822846901,-5.583558347427512;7.642288856690655,53.74861025048591,3.399109039245312;-27.587703530702143,72.64108906435212,18.735354354817314"
Layer 35,#0DA5B8,"-20.667216612371874,-99.24063940406347,-4.1483736447534945;94.60310148834924,-83.91012951383243,9.40190674796392;70.72657873824863,-98.64572936931286,-7.159869941055218;-14.07820435684377,98.8439741180809,-6.132466775316491;65.29861564916342,69.08326233200563,7.578585621668477;-70.82983572902982,-23.696736949274282,-8.514739391243548;-5.94580707435918,89.10237109093595,-0.13727384868300163;69.37633000308367,70.4867498777254,3.3827940613721506;31.39101173039907,85.97386296875877,-5.451384798558498;66.07337137685585,-71.21650734112451,-6.723732319249275;-76.20747335640559,-4.509063936363333,16.89922692857434;12.409950980232836,99.40588071603511,16.47073795099426;74.04457174651142,50.59579081761473,13.759749898622985;28.546425714890745,-39.31755640062893,1.6639435699074792;32.15174948006867,-85.54118074435219,-9.370685355658534;94.76821999167703,12.561342146522833,11.604273693647144;41.04824427822345,-21.462110268074525,7.571786120869195;-89.38244602219196,37.967363159266995,-0.3186826245420704;41.957684332321946,23.986761651470033,9.316112817297288;35.50540077073893,89.69739946419196,15.937847653745276;-64.18835645070578,28.711838015266977,14.522612433285808;4.8979645478599,-81.41618308035996,-7.6061065930556655;51.8583956834097,21.15493211737038,2.5905186358102394;-72.00202190606223,57.29825506770129,4.316574529614469;-79.23978461242105,19.199638563269332,13.615184627103854;50.559141531883654,57.33264668240889,1.4225446752844118;-4.491595622314037,12.830130902501082,-2.6777550520041657;-12.770936964690819,25.89062902834098,3.862888845958018;-19.275475517203034,-6.978586891655979,2.8398003237995333"
Layer 36,#B3CA62,"78.52221847308917,62.41252631688559,4.324776083321112;94.63519603848135,-20.581246210749768,13.511980548850456;87.51559891430725,92.23415539387659,16.27834550775978;57.212509879747074,-34.83258273735353,19.4232362655506;-35.252745675842576,-22.149785162904337,-8.442927702876617;-51.379664752134985,-99.6137461892308,0.0013121895935892525;11.535394436027104,56.459224664899835,17.3257573275893;-77.98603078494159,-59.128110486648865,-7.886482340185765;-0.6416439122370008,62.251892970507896,-4.645924166460561;43.86741328095681,76.41681557612256,3.7578656339581276;-45.809769571619384,-41.56564613294228,14.902738228150739;-74.45636278834374,-98.02527315935295,9.670199854447407;-23.600652983053365,74.10548410758207,12.305765219241025;-72.93897898295215,-76.73789796737685,13.443640185562565;8.472336295116534,-23.3041291451827,8.191571634104797;66.57610697621311,-68.89614878447964,-7.6522275664566966;-49.92811320704077,-55.59856875957457,-0.13932158236100456;30.04168721836882,-28.90816225849518,16.372211951449064;0.265718402804751,-51.72243375901261,13.611024480413548;34.47085233324202,23.65843440673929,12.688872633676464;-12.589979902039588,4.262232266698419,-0.9409601913602916;-87.36947937645417,89.6510152681902,6.105646340601382;69.46644966141648,34.805481629228325,12.894666468160523;-77.35645645411617,80.54792890428934,2.083613974374167;-62.309989480670225,28.418552065836423,9.977019256423137;-95.63284918102481,-96.45565444060998,-6.673445457261543;-48.76305707357703,9.25889607503224,0.12765067015075893;48.55601507350028,-96.23484025791366,14.645111614610038;9.210500068617819,-87.06428650019146,-7.851182626770429"
Layer 37,#9C97AD,"-50.528980715744154,0.105561096233032,0.8380042741377309;45.43203337863693,78.57448981890684,0.5123642279595302;89.27399217154843,82.00599615828645,-3.828522319059223;-64.26894826556486,-80.40311183359452,-1.0570592186534906;1.9670150295038127,-57.32301683395175,15.219224192556737;54.89780654712382,-40.02307607327336,4.882851624738619;44.42854060801281,-19.161559241844927,4.267709076799168;-74.9568436237757,59.57948339390123,11.920874095324876;-38.18276324688002,-30.314417827658488,18.161968980859207;13.339971911385078,14.408505301927192,1.369771442188279;49.42737144494251,67.59600060982149,14.165739441109626;55.84322764233764,89.51375432336619,-6.28147887976699;7.981015561712326,64.31750357084286,8.774041611095711;80.1559208535513,-99.38720020570635,12.793386267636542;25.429142508109763,90.69831430183748,4.745515095261496;-33.87106391860695,40.98341834082592,-4.5951515059449175;18.877583264925008,-52.30692225289196,8.348988775228275;19.50398548296816,45.176250595486636,1.8855946885319579;-44.008108170835385,57.71256320005159,-7.833506119824822;-10.97219920023062,-10.117739357606553,2.8020244145805027;-39.45182329759439,-3.5739284533683815,-3.9479618975406776;-7.000801643213407,59.72360250345804,11.207472822062698;69.50089012488169,-73.54197514394295,-5.102944987349717;-5.077463242250403,80.68365988588755,-6.515476045246612;87.65543621220681,-51.959980179539606,5.781055976655015;-48.89090558461236,-46.82153263795182,10.347253567167353;-37.91742375304377,-98.61706830145481,0.23172449590155253;-64.35290449320772,-85.75181079300194,-1.7850371740921087;-18.424093192624696,28.643360541335767,16.56207591509768;64.71102016368252,-83.48335920016589,-9.893897146303805;-93.48760826566287,-34.676443097523745,1.9364505023938499;9.416647460954081,59.582949675394474,-6.5021654484139475;18.472567546419754,-50.1551928841799,16.440117495771737;79.27278160796374,82.7760877381076,-2.5241032490499453;48.26411823633197,-38.08530162719082,-7.9091473715272045;24.362015438076625,91.67421688383862,4.888783329382054;28.861609989054386,79.9862801482532,11.096768598837869;91.16105439172159,-3.4485825332969284,-4.415352360004788;2.9161822857825115,-26.695079268684935,7.9277260955314155;-78.60145928612806,-59.02742824676758,-0.5576873306390233;-77.73623584039892,-76.73060192291449,-1.589137849039469;-1.5773983826142768,12.945515176073954,-3.804350204295364;-88.73950575515205,15.989135544039925,17.696938303997428;87.74387476657503,-26.51435100540087,6.438169394555214;-50.92245021395615,72.68837984469414,16.34485783797351;41.2484458684462,-57.841192152373324,19.529107859452203;4.323093046424631,-1.7782003376016036,16.63415694374208;-18.591467451891234,-65.24244227173862,-4.665039492371773"
Layer 38,#5D1418,"8.447029299791822,-24.315632613120172,-2.7134995910277286;-28.032728278506298,19.88415262719684,9.46965250873441;-93.6275978737016,-2.325405147388139,5.9207072915801735;71.10452999044634,-18.05358514542384,16.934831757486915;-83.56729317558731,-65.02729790756007,19.0870363793413;28.48925882001228,-27.92977421637721,17.064733500144648;4.33589346055976,-33.21133104220489,11.773722962904841;69.88282621295201,-46.85572442478961,10.160961534605008;-7.175263313847921,-82.8046391832323,15.702830053889283;94.87459574772714,58.882802752924135,7.753010890610174;-98.38417171500305,98.04417330203609,12.113565185366557;-53.34504703164654,34.75026572912941,13.453055993360223;-15.74286095173855,-27.422238502535407,9.291027036130014;82.3209523064414,62.957683459251484,10.325387800071546;-9.913015693177186,-40.7702200951311,3.701364940909066;81.83037250777173,-47.184010133687586,-4.700541581673797;-37.43640628997465,78.25675581103133,7.955794632536417;-13.654472008027497,11.56514445049018,-3.9413409443670915;51.664608285332804,-88.75733677047876,8.236051399983097;39.1488533112294,11.969491042664941,-7.745251038433375;-53.14164215744229,98.51140017167634,6.757733171113951;-5.561582370251571,20.172320587354108,6.698838844164374;-12.530068039983377,67.35848678995848,5.784977078024026;83.248151610453,-24.05419250290086,-9.50421641198829;-65.66069152698776,49.26435098166894,8.136924113000546;-66.80585702001832,-56.06670916409343,11.703381119298413;88.66950210327025,-51.566386969012065,18.13902774147627;32.832733614276975,-79.70012374469334,-8.06055590079427;-1.6729828531711206,-30.082062906498777,9.211116521529306;20.089981733827443,87.29279533100339,15.427832908113118;29.758105760490537,56.6031158178248,-2.8786450456049737;-10.96499581365886,-22.35625888626018,-2.7018391785135885;45.61336809193577,-15.641225554772987,-2.3742531757229246;47.21838641091418,61.30227769139927,-6.409747347315427;53.71106315652926,-56.12370781147268,-6.47288126901571;95.56984816467266,-2.3491040567301553,-8.494712777100588;-21.99953461813655,24.792990345701057,-1.9382424672288678;-14.555578683393492,-54.316916571532154,-1.7480168680194819;46.433682133487906,63.27352557675613,0.004894944751386632;12.034514443048693,-84.29993355169708,12.793161061688128;-86.52175576541805,-75.94606430125549,-2.492313459529325;-83.93993184375583,-7.3590073050258695,0.4045827959072632;6.029166388839684,-83.57711321526743,8.812146438961928"
Layer 39,#D8A1E9,"28.444735695793923,61.96317749860586,-3.5572142542594225;49.11287576208133,4.613226268396602,5.015285118787448;-41.80102552237737,42.57860608571136,1.7573960329016192;-11.24459388939269,42.06429396871991,6.992479318618688;61.5919376873114,-82.7455296824187,3.428259811944562;79.4029200511095,65.45669434517029,-4.016777205471665;-78.15564956869622,-80.05487923618237,2.6044566923288617;-11.451217586783415,52.4631878845577,-3.7097753363212513;-14.038693308091226,86.17722634059632,-3.9456950094537406;-17.31986252962072,-16.563307097202554,11.283503962210009;-30.341828277746714,-38.790275167806136,-1.1905312430233206;-18.258616534233084,-59.28659760073861,16.37559005481672;-93.76367668406877,-85.88656814303714,12.715236631720174;-83.25686045936375,5.472781784650351,-0.2439292765352885;98.4356793828508,-33.665524285875236,-6.094088761580742;-75.91210416098595,-90.16632555521622,-5.3508627731604;-85.96631404235823,-91.01511308701795,-4.577902828828174;91.24105549265852,47.10206594384135,-3.446565458329448;-12.236466033566956,-89.55305892855034,15.35804321826096;-32.02351562389889,-21.6417103585637,4.19252259413039;40.19638641844375,-83.55433267147778,-8.03725985918358;3.460477678896268,93.22416163659304,16.535578379622237;-20.540224728997842,-42.375517799627254,0.5731132719218;-85.1875047366967,-68.22842643186523,-8.726895458896553;-82.52627111015921,-69.92634218666751,17.38065152491464;55.351939350895606,-74.57406068065134,0.5978335625624016;73.96294752151499,99.22105753674134,13.422034587435967;-50.037238486093415,50.805068281337725,-6.263483278713805;54.280057757922776,3.1647017569824527,1.0540687260581159;-45.796568548899806,40.07571295127278,-0.8257171416211904;72.81633366812238,-79.1534952821809,4.691945512164933;50.154383310272664,-53.7198951711156,-1.8347251793780917;76.46723179608875,-92.2175113691666,-3.601779647986488;-87.22484110171287,-53.20877443265924,7.789662224780177"
Layer 40,#9F25B0,"-26.452974098102658,-78.56954291451856,-1.4171637636942158;-38.8364324894803,-81.88063364856356,12.079595221919952;-59.93853870606157,28.70988999523823,-8.18058962488926;-72.28254503168915,59.866415381560586,9.570003897432166;-3.298935607567188,66.71108504873891,14.889568810130587;7.1049959915367396,23.58461501805226,12.692740056373495;13.488055770987586,81.93866064717301,-5.654208049918438;47.643278320958785,16.6528078252678,1.0400139434170992;-2.0993205234846926,68.99438856174382,10.196001677969928;74.24455889879042,-10.873949184532279,15.075228794568378;62.247934801066265,75.2570596320787,18.136358591008978;91.82403214382299,60.372638703590155,19.856457226299916;58.61729319182402,12.035383072357433,10.032651795053372;-83.48036854755647,-83.54743653003185,15.268738094074706;-24.85873203689202,53.094393198254465,12.308489278174854;-56.81811441887715,-41.15122023497751,-0.9873025781805627;-44.645172971484676,31.265276264908692,1.8112898142291627;34.345189982826525,29.35869976913321,0.951735483757453;25.996160623495072,-44.88584949370756,14.263497112974761;49.831749934920595,-6.359877508059213,4.840120699088997;-90.06706042060743,-78.55692655361838,-2.4560305883174616;-42.52823988616921,53.073459296190606,10.740998345231212;-71.20164393031308,-45.89094753505608,0.5158776637869504;-81.49854823945594,-65.10263554011891,-8.16174841771284;87.22667317566689,8.707029560707,-8.004975287848461;86.23307725861966,-47.56162492742851,-0.42978696259327087;-22.49744591141362,53.466304431503715,6.903288973552009"
Layer 41,#B308F2,"48.23413708309499,-80.25149504451892,0.12420324701805541;-4.837146651282893,87.70818676450364,6.337033063231697;86.6530069432722,-51.56380698991863,18.130897980430646;79.6191737171205,-74.18701768789919,12.737185203704698;-24.93482149171487,-54.523016338972305,6.600346582715833;84.44184592801145,-14.622987429094067,5.944967193674303;84.73514130879542,59.025347432182684,-7.91641901209062;-94.92174324729001,43.63403479095916,-9.161088468954375;-72.81995550498576,58.903552595164,18.801929550231755;68.33891685450664,76.40080315611658,-9.60158906891176;-96.23466540157746,96.4788664252134,7.755667994360525;26.94949764752201,60.36994122649838,14.118591113675155;-43.203820960917554,20.4938220738037,9.646050250879835;-2.1230127554964184,70.56792886930583,1.7574043318266472;89.24633994048526,-25.50288213500542,12.747429545327826;93.66492659205551,-2.594570953573708,14.723383629939775;-64.08463675954032,-63.61643831348894,8.205296347230753;11.678350873310777,82.6978319502123,10.907298062897997;-35.15873194832986,46.56396379502223,-3.840831199315514;-74.65970038915118,-48.179711980643866,7.587714281050346;21.82817364927655,12.99393478574683,-7.814341083580061;17.977049604819086,-21.380239521633257,18.823871373366146;-56.1647390293149,-85.51050062895449,19.344661184414523;-55.206304658981495,-66.65576919583316,-0.22834550181151592;22.023838340901392,4.0414359227462455,15.079014960720016;36.58669457619948,56.251363461374325,-0.08068589623362143;-47.28526278197165,-56.39398204799358,1.9504684527370664;-22.633807427704042,-37.96071070289083,-3.0233996685688878;-70.84107077447727,86.33420761600911,7.673937442776456;-98.670445676153,-98.72938651975112,13.478500069730714;51.424401906061235,-12.95043248159267,-8.078707857722488;-31.03944641301591,-44.23711100639188,0.8088542149546214;-96.11210483953849,-98.14456369177455,12.95764041053621;-87.01474257925148,-32.55240856341166,-6.28679820388086;48.60629596895865,36.034049661897996,-5.593273497173913;-58.443860232222086,89.75639497491505,-1.5907068166222427;60.38138827355698,11.230664766848477,-5.1488453069842635;83.70776761112256,-15.581524743361257,-7.713918298744391;-71.77510606339492,16.71558426445364,-1.1032166502561935;-23.647571695872458,-59.54894354059562,-3.653766411595126;45.697690149738065,-88.48443718962974,-2.3132155042438756;-91.37312290602337,-36.748938394188826,-5.121142016451609;21.9898022841503,44.495808876742956,-2.26424528132255;-35.5956071112839,-67.77921005528114,3.865035444995561;10.577022671291559,-98.82881652520376,-6.052796366019936;33.66802462313103,-36.48462604062048,8.575086028803291;-76.94101005942974,52.93247417700732,8.88090137025641"
